2026-07-22 21:58:05,695 [INFO] AutoAIBot: Initializing AutoAI Telegram Bot...
2026-07-22 21:58:55,803 [INFO] AutoAIBot: Initializing AutoAI Telegram Bot...
2026-07-22 21:58:56,176 [INFO] AutoAIBot: AutoAI Bot is polling for updates...
2026-07-22 21:59:49,846 [INFO] AutoAIBot: Initializing AutoAI Telegram Bot...
2026-07-22 21:59:50,208 [INFO] AutoAIBot: AutoAI Bot is polling for updates...
2026-07-22 21:59:54,412 [INFO] httpx: HTTP Request: POST https://api.telegram.org/bot8906918185:AAEkad7nO3ZDckFOaeHbwld3zbhOih9xvmQ/getMe "HTTP/1.1 200 OK"
2026-07-22 21:59:54,633 [INFO] httpx: HTTP Request: POST https://api.telegram.org/bot8906918185:AAEkad7nO3ZDckFOaeHbwld3zbhOih9xvmQ/deleteWebhook "HTTP/1.1 200 OK"
2026-07-22 21:59:54,634 [INFO] telegram.ext.Application: Application started
2026-07-22 22:00:06,057 [INFO] httpx: HTTP Request: POST https://api.telegram.org/bot8906918185:AAEkad7nO3ZDckFOaeHbwld3zbhOih9xvmQ/getUpdates "HTTP/1.1 200 OK"
2026-07-22 22:00:16,612 [INFO] httpx: HTTP Request: POST https://api.telegram.org/bot8906918185:AAEkad7nO3ZDckFOaeHbwld3zbhOih9xvmQ/getUpdates "HTTP/1.1 200 OK"
2026-07-22 22:00:26,880 [INFO] httpx: HTTP Request: POST https://api.telegram.org/bot8906918185:AAEkad7nO3ZDckFOaeHbwld3zbhOih9xvmQ/getUpdates "HTTP/1.1 200 OK"
2026-07-22 22:00:33,028 [INFO] httpx: HTTP Request: POST https://api.telegram.org/bot8906918185:AAEkad7nO3ZDckFOaeHbwld3zbhOih9xvmQ/getUpdates "HTTP/1.1 200 OK"
2026-07-22 22:00:34,249 [INFO] httpx: HTTP Request: POST https://api.telegram.org/bot8906918185:AAEkad7nO3ZDckFOaeHbwld3zbhOih9xvmQ/sendChatAction "HTTP/1.1 200 OK"
2026-07-22 22:00:34,725 [INFO] httpx: HTTP Request: POST http://127.0.0.1:8000/auth/register "HTTP/1.1 200 OK"
2026-07-22 22:00:34,726 [INFO] AutoAIBot: User: 1780250348 | Action: POST /auth/register - Status 200 | ResponseTime: 475.70ms
2026-07-22 22:00:35,163 [INFO] httpx: HTTP Request: POST http://127.0.0.1:8000/auth/login "HTTP/1.1 200 OK"
2026-07-22 22:00:35,164 [INFO] AutoAIBot: User: 1780250348 | Action: POST /auth/login - Status 200 | ResponseTime: 437.73ms
2026-07-22 22:00:35,822 [INFO] httpx: HTTP Request: POST https://api.telegram.org/bot8906918185:AAEkad7nO3ZDckFOaeHbwld3zbhOih9xvmQ/sendMessage "HTTP/1.1 200 OK"
2026-07-22 22:00:43,313 [INFO] httpx: HTTP Request: POST https://api.telegram.org/bot8906918185:AAEkad7nO3ZDckFOaeHbwld3zbhOih9xvmQ/getUpdates "HTTP/1.1 200 OK"
2026-07-22 22:00:53,577 [INFO] httpx: HTTP Request: POST https://api.telegram.org/bot8906918185:AAEkad7nO3ZDckFOaeHbwld3zbhOih9xvmQ/getUpdates "HTTP/1.1 200 OK"
2026-07-22 22:01:03,840 [INFO] httpx: HTTP Request: POST https://api.telegram.org/bot8906918185:AAEkad7nO3ZDckFOaeHbwld3zbhOih9xvmQ/getUpdates "HTTP/1.1 200 OK"
2026-07-22 22:01:11,429 [INFO] httpx: HTTP Request: POST https://api.telegram.org/bot8906918185:AAEkad7nO3ZDckFOaeHbwld3zbhOih9xvmQ/getUpdates "HTTP/1.1 200 OK"
2026-07-22 22:01:12,596 [INFO] httpx: HTTP Request: POST https://api.telegram.org/bot8906918185:AAEkad7nO3ZDckFOaeHbwld3zbhOih9xvmQ/sendChatAction "HTTP/1.1 200 OK"
2026-07-22 22:01:13,052 [INFO] httpx: HTTP Request: POST https://api.telegram.org/bot8906918185:AAEkad7nO3ZDckFOaeHbwld3zbhOih9xvmQ/sendMessage "HTTP/1.1 200 OK"
2026-07-22 22:01:21,696 [INFO] httpx: HTTP Request: POST https://api.telegram.org/bot8906918185:AAEkad7nO3ZDckFOaeHbwld3zbhOih9xvmQ/getUpdates "HTTP/1.1 200 OK"
2026-07-22 22:01:22,992 [INFO] httpx: HTTP Request: POST https://api.telegram.org/bot8906918185:AAEkad7nO3ZDckFOaeHbwld3zbhOih9xvmQ/sendChatAction "HTTP/1.1 200 OK"
2026-07-22 22:01:31,957 [INFO] httpx: HTTP Request: POST https://api.telegram.org/bot8906918185:AAEkad7nO3ZDckFOaeHbwld3zbhOih9xvmQ/getUpdates "HTTP/1.1 200 OK"
2026-07-22 22:01:38,211 [ERROR] AutoAIBot: User: 1780250348 | Action: POST /chat/ - Request Failed | ResponseTime: 15217.73ms | Error: 
2026-07-22 22:01:38,212 [ERROR] AutoAIBot: AI chat request failed: 
2026-07-22 22:01:38,426 [INFO] httpx: HTTP Request: POST https://api.telegram.org/bot8906918185:AAEkad7nO3ZDckFOaeHbwld3zbhOih9xvmQ/getUpdates "HTTP/1.1 200 OK"
2026-07-22 22:01:39,702 [INFO] httpx: HTTP Request: POST https://api.telegram.org/bot8906918185:AAEkad7nO3ZDckFOaeHbwld3zbhOih9xvmQ/sendMessage "HTTP/1.1 200 OK"
2026-07-22 22:01:40,419 [INFO] httpx: HTTP Request: POST https://api.telegram.org/bot8906918185:AAEkad7nO3ZDckFOaeHbwld3zbhOih9xvmQ/sendChatAction "HTTP/1.1 200 OK"
2026-07-22 22:01:40,951 [INFO] httpx: HTTP Request: POST https://api.telegram.org/bot8906918185:AAEkad7nO3ZDckFOaeHbwld3zbhOih9xvmQ/sendMessage "HTTP/1.1 200 OK"
2026-07-22 22:01:48,688 [INFO] httpx: HTTP Request: POST https://api.telegram.org/bot8906918185:AAEkad7nO3ZDckFOaeHbwld3zbhOih9xvmQ/getUpdates "HTTP/1.1 200 OK"
2026-07-22 22:01:55,072 [INFO] httpx: HTTP Request: POST https://api.telegram.org/bot8906918185:AAEkad7nO3ZDckFOaeHbwld3zbhOih9xvmQ/getUpdates "HTTP/1.1 200 OK"
2026-07-22 22:01:56,645 [INFO] httpx: HTTP Request: POST https://api.telegram.org/bot8906918185:AAEkad7nO3ZDckFOaeHbwld3zbhOih9xvmQ/sendMessage "HTTP/1.1 200 OK"
2026-07-22 22:02:06,003 [INFO] httpx: HTTP Request: POST https://api.telegram.org/bot8906918185:AAEkad7nO3ZDckFOaeHbwld3zbhOih9xvmQ/getUpdates "HTTP/1.1 200 OK"
2026-07-22 22:02:13,576 [INFO] httpx: HTTP Request: POST https://api.telegram.org/bot8906918185:AAEkad7nO3ZDckFOaeHbwld3zbhOih9xvmQ/getUpdates "HTTP/1.1 200 OK"
2026-07-22 22:02:15,355 [INFO] httpx: HTTP Request: POST https://api.telegram.org/bot8906918185:AAEkad7nO3ZDckFOaeHbwld3zbhOih9xvmQ/answerCallbackQuery "HTTP/1.1 200 OK"
2026-07-22 22:02:15,879 [INFO] httpx: HTTP Request: POST https://api.telegram.org/bot8906918185:AAEkad7nO3ZDckFOaeHbwld3zbhOih9xvmQ/editMessageText "HTTP/1.1 200 OK"
2026-07-22 22:02:16,711 [INFO] httpx: HTTP Request: POST https://api.telegram.org/bot8906918185:AAEkad7nO3ZDckFOaeHbwld3zbhOih9xvmQ/sendMessage "HTTP/1.1 200 OK"
2026-07-22 22:02:19,212 [INFO] httpx: HTTP Request: POST https://api.telegram.org/bot8906918185:AAEkad7nO3ZDckFOaeHbwld3zbhOih9xvmQ/getUpdates "HTTP/1.1 200 OK"
2026-07-22 22:02:19,876 [INFO] httpx: HTTP Request: POST https://api.telegram.org/bot8906918185:AAEkad7nO3ZDckFOaeHbwld3zbhOih9xvmQ/answerCallbackQuery "HTTP/1.1 200 OK"
2026-07-22 22:02:20,335 [INFO] httpx: HTTP Request: POST https://api.telegram.org/bot8906918185:AAEkad7nO3ZDckFOaeHbwld3zbhOih9xvmQ/editMessageText "HTTP/1.1 200 OK"
2026-07-22 22:02:20,820 [INFO] httpx: HTTP Request: POST https://api.telegram.org/bot8906918185:AAEkad7nO3ZDckFOaeHbwld3zbhOih9xvmQ/sendMessage "HTTP/1.1 200 OK"
2026-07-22 22:02:22,630 [INFO] httpx: HTTP Request: POST https://api.telegram.org/bot8906918185:AAEkad7nO3ZDckFOaeHbwld3zbhOih9xvmQ/getUpdates "HTTP/1.1 200 OK"
2026-07-22 22:02:23,067 [INFO] httpx: HTTP Request: POST https://api.telegram.org/bot8906918185:AAEkad7nO3ZDckFOaeHbwld3zbhOih9xvmQ/answerCallbackQuery "HTTP/1.1 200 OK"
2026-07-22 22:02:23,974 [INFO] httpx: HTTP Request: POST https://api.telegram.org/bot8906918185:AAEkad7nO3ZDckFOaeHbwld3zbhOih9xvmQ/editMessageText "HTTP/1.1 200 OK"
2026-07-22 22:02:24,553 [INFO] httpx: HTTP Request: POST https://api.telegram.org/bot8906918185:AAEkad7nO3ZDckFOaeHbwld3zbhOih9xvmQ/sendMessage "HTTP/1.1 200 OK"
2026-07-22 22:02:27,069 [INFO] httpx: HTTP Request: POST https://api.telegram.org/bot8906918185:AAEkad7nO3ZDckFOaeHbwld3zbhOih9xvmQ/getUpdates "HTTP/1.1 200 OK"
2026-07-22 22:02:27,545 [INFO] httpx: HTTP Request: POST https://api.telegram.org/bot8906918185:AAEkad7nO3ZDckFOaeHbwld3zbhOih9xvmQ/answerCallbackQuery "HTTP/1.1 200 OK"
2026-07-22 22:02:28,000 [INFO] httpx: HTTP Request: POST https://api.telegram.org/bot8906918185:AAEkad7nO3ZDckFOaeHbwld3zbhOih9xvmQ/editMessageText "HTTP/1.1 200 OK"
2026-07-22 22:02:28,683 [INFO] httpx: HTTP Request: POST https://api.telegram.org/bot8906918185:AAEkad7nO3ZDckFOaeHbwld3zbhOih9xvmQ/sendMessage "HTTP/1.1 200 OK"
2026-07-22 22:02:30,689 [INFO] httpx: HTTP Request: POST https://api.telegram.org/bot8906918185:AAEkad7nO3ZDckFOaeHbwld3zbhOih9xvmQ/getUpdates "HTTP/1.1 200 OK"
2026-07-22 22:02:31,140 [INFO] httpx: HTTP Request: POST https://api.telegram.org/bot8906918185:AAEkad7nO3ZDckFOaeHbwld3zbhOih9xvmQ/answerCallbackQuery "HTTP/1.1 200 OK"
2026-07-22 22:02:31,602 [INFO] httpx: HTTP Request: POST https://api.telegram.org/bot8906918185:AAEkad7nO3ZDckFOaeHbwld3zbhOih9xvmQ/editMessageText "HTTP/1.1 200 OK"
2026-07-22 22:02:32,299 [INFO] httpx: HTTP Request: POST https://api.telegram.org/bot8906918185:AAEkad7nO3ZDckFOaeHbwld3zbhOih9xvmQ/sendMessage "HTTP/1.1 200 OK"
2026-07-22 22:02:32,557 [INFO] httpx: HTTP Request: POST http://127.0.0.1:8000/recommend/ "HTTP/1.1 200 OK"
2026-07-22 22:02:32,558 [INFO] AutoAIBot: User: 1780250348 | Action: POST /recommend/ - Status 200 | ResponseTime: 256.97ms
2026-07-22 22:02:33,023 [INFO] httpx: HTTP Request: POST https://api.telegram.org/bot8906918185:AAEkad7nO3ZDckFOaeHbwld3zbhOih9xvmQ/sendMessage "HTTP/1.1 200 OK"
2026-07-22 22:02:33,299 [INFO] httpx: HTTP Request: GET http://127.0.0.1:8000/wishlist/ "HTTP/1.1 200 OK"
2026-07-22 22:02:33,299 [INFO] AutoAIBot: User: 1780250348 | Action: GET /wishlist/ - Status 200 | ResponseTime: 274.97ms
2026-07-22 22:02:33,887 [INFO] httpx: HTTP Request: POST https://api.telegram.org/bot8906918185:AAEkad7nO3ZDckFOaeHbwld3zbhOih9xvmQ/sendPhoto "HTTP/1.1 200 OK"
2026-07-22 22:02:40,953 [INFO] httpx: HTTP Request: POST https://api.telegram.org/bot8906918185:AAEkad7nO3ZDckFOaeHbwld3zbhOih9xvmQ/getUpdates "HTTP/1.1 200 OK"
2026-07-22 22:02:51,451 [INFO] httpx: HTTP Request: POST https://api.telegram.org/bot8906918185:AAEkad7nO3ZDckFOaeHbwld3zbhOih9xvmQ/getUpdates "HTTP/1.1 200 OK"
2026-07-22 22:03:01,715 [INFO] httpx: HTTP Request: POST https://api.telegram.org/bot8906918185:AAEkad7nO3ZDckFOaeHbwld3zbhOih9xvmQ/getUpdates "HTTP/1.1 200 OK"
2026-07-22 22:03:12,228 [INFO] httpx: HTTP Request: POST https://api.telegram.org/bot8906918185:AAEkad7nO3ZDckFOaeHbwld3zbhOih9xvmQ/getUpdates "HTTP/1.1 200 OK"
2026-07-22 22:03:22,788 [INFO] httpx: HTTP Request: POST https://api.telegram.org/bot8906918185:AAEkad7nO3ZDckFOaeHbwld3zbhOih9xvmQ/getUpdates "HTTP/1.1 200 OK"
2026-07-22 22:03:33,599 [INFO] httpx: HTTP Request: POST https://api.telegram.org/bot8906918185:AAEkad7nO3ZDckFOaeHbwld3zbhOih9xvmQ/getUpdates "HTTP/1.1 200 OK"
2026-07-22 22:03:43,865 [INFO] httpx: HTTP Request: POST https://api.telegram.org/bot8906918185:AAEkad7nO3ZDckFOaeHbwld3zbhOih9xvmQ/getUpdates "HTTP/1.1 200 OK"
2026-07-22 22:03:54,135 [INFO] httpx: HTTP Request: POST https://api.telegram.org/bot8906918185:AAEkad7nO3ZDckFOaeHbwld3zbhOih9xvmQ/getUpdates "HTTP/1.1 200 OK"
2026-07-22 22:04:04,437 [INFO] httpx: HTTP Request: POST https://api.telegram.org/bot8906918185:AAEkad7nO3ZDckFOaeHbwld3zbhOih9xvmQ/getUpdates "HTTP/1.1 200 OK"
2026-07-22 22:04:13,417 [INFO] httpx: HTTP Request: POST https://api.telegram.org/bot8906918185:AAEkad7nO3ZDckFOaeHbwld3zbhOih9xvmQ/getUpdates "HTTP/1.1 200 OK"
2026-07-22 22:04:13,683 [INFO] httpx: HTTP Request: POST https://api.telegram.org/bot8906918185:AAEkad7nO3ZDckFOaeHbwld3zbhOih9xvmQ/getUpdates "HTTP/1.1 200 OK"
2026-07-22 22:04:21,211 [INFO] httpx: HTTP Request: POST https://api.telegram.org/bot8906918185:AAEkad7nO3ZDckFOaeHbwld3zbhOih9xvmQ/getUpdates "HTTP/1.1 200 OK"
2026-07-22 22:04:22,738 [INFO] httpx: HTTP Request: POST https://api.telegram.org/bot8906918185:AAEkad7nO3ZDckFOaeHbwld3zbhOih9xvmQ/sendChatAction "HTTP/1.1 200 OK"
2026-07-22 22:04:23,391 [INFO] httpx: HTTP Request: POST https://api.telegram.org/bot8906918185:AAEkad7nO3ZDckFOaeHbwld3zbhOih9xvmQ/sendMessage "HTTP/1.1 200 OK"
2026-07-22 22:04:31,699 [INFO] httpx: HTTP Request: POST https://api.telegram.org/bot8906918185:AAEkad7nO3ZDckFOaeHbwld3zbhOih9xvmQ/getUpdates "HTTP/1.1 200 OK"
2026-07-22 22:04:42,084 [INFO] httpx: HTTP Request: POST https://api.telegram.org/bot8906918185:AAEkad7nO3ZDckFOaeHbwld3zbhOih9xvmQ/getUpdates "HTTP/1.1 200 OK"
2026-07-22 22:04:52,566 [INFO] httpx: HTTP Request: POST https://api.telegram.org/bot8906918185:AAEkad7nO3ZDckFOaeHbwld3zbhOih9xvmQ/getUpdates "HTTP/1.1 200 OK"
2026-07-22 22:05:02,893 [INFO] httpx: HTTP Request: POST https://api.telegram.org/bot8906918185:AAEkad7nO3ZDckFOaeHbwld3zbhOih9xvmQ/getUpdates "HTTP/1.1 200 OK"
2026-07-22 22:05:13,163 [INFO] httpx: HTTP Request: POST https://api.telegram.org/bot8906918185:AAEkad7nO3ZDckFOaeHbwld3zbhOih9xvmQ/getUpdates "HTTP/1.1 200 OK"
2026-07-22 22:05:23,426 [INFO] httpx: HTTP Request: POST https://api.telegram.org/bot8906918185:AAEkad7nO3ZDckFOaeHbwld3zbhOih9xvmQ/getUpdates "HTTP/1.1 200 OK"
2026-07-22 22:05:33,688 [INFO] httpx: HTTP Request: POST https://api.telegram.org/bot8906918185:AAEkad7nO3ZDckFOaeHbwld3zbhOih9xvmQ/getUpdates "HTTP/1.1 200 OK"
2026-07-22 22:05:43,953 [INFO] httpx: HTTP Request: POST https://api.telegram.org/bot8906918185:AAEkad7nO3ZDckFOaeHbwld3zbhOih9xvmQ/getUpdates "HTTP/1.1 200 OK"
2026-07-22 22:05:54,226 [INFO] httpx: HTTP Request: POST https://api.telegram.org/bot8906918185:AAEkad7nO3ZDckFOaeHbwld3zbhOih9xvmQ/getUpdates "HTTP/1.1 200 OK"
2026-07-22 22:06:04,488 [INFO] httpx: HTTP Request: POST https://api.telegram.org/bot8906918185:AAEkad7nO3ZDckFOaeHbwld3zbhOih9xvmQ/getUpdates "HTTP/1.1 200 OK"
2026-07-22 22:06:14,831 [INFO] httpx: HTTP Request: POST https://api.telegram.org/bot8906918185:AAEkad7nO3ZDckFOaeHbwld3zbhOih9xvmQ/getUpdates "HTTP/1.1 200 OK"
2026-07-22 22:06:25,113 [INFO] httpx: HTTP Request: POST https://api.telegram.org/bot8906918185:AAEkad7nO3ZDckFOaeHbwld3zbhOih9xvmQ/getUpdates "HTTP/1.1 200 OK"
2026-07-22 22:06:35,385 [INFO] httpx: HTTP Request: POST https://api.telegram.org/bot8906918185:AAEkad7nO3ZDckFOaeHbwld3zbhOih9xvmQ/getUpdates "HTTP/1.1 200 OK"
2026-07-22 22:06:45,649 [INFO] httpx: HTTP Request: POST https://api.telegram.org/bot8906918185:AAEkad7nO3ZDckFOaeHbwld3zbhOih9xvmQ/getUpdates "HTTP/1.1 200 OK"
2026-07-22 22:06:55,949 [INFO] httpx: HTTP Request: POST https://api.telegram.org/bot8906918185:AAEkad7nO3ZDckFOaeHbwld3zbhOih9xvmQ/getUpdates "HTTP/1.1 200 OK"
2026-07-22 22:07:06,433 [INFO] httpx: HTTP Request: POST https://api.telegram.org/bot8906918185:AAEkad7nO3ZDckFOaeHbwld3zbhOih9xvmQ/getUpdates "HTTP/1.1 200 OK"
2026-07-22 22:07:16,702 [INFO] httpx: HTTP Request: POST https://api.telegram.org/bot8906918185:AAEkad7nO3ZDckFOaeHbwld3zbhOih9xvmQ/getUpdates "HTTP/1.1 200 OK"
2026-07-22 22:07:26,972 [INFO] httpx: HTTP Request: POST https://api.telegram.org/bot8906918185:AAEkad7nO3ZDckFOaeHbwld3zbhOih9xvmQ/getUpdates "HTTP/1.1 200 OK"
2026-07-22 22:07:37,378 [INFO] httpx: HTTP Request: POST https://api.telegram.org/bot8906918185:AAEkad7nO3ZDckFOaeHbwld3zbhOih9xvmQ/getUpdates "HTTP/1.1 200 OK"
2026-07-22 22:07:47,646 [INFO] httpx: HTTP Request: POST https://api.telegram.org/bot8906918185:AAEkad7nO3ZDckFOaeHbwld3zbhOih9xvmQ/getUpdates "HTTP/1.1 200 OK"
2026-07-22 22:07:52,050 [INFO] httpx: HTTP Request: POST https://api.telegram.org/bot8906918185:AAEkad7nO3ZDckFOaeHbwld3zbhOih9xvmQ/getUpdates "HTTP/1.1 200 OK"
2026-07-22 22:07:59,612 [INFO] httpx: HTTP Request: POST https://api.telegram.org/bot8906918185:AAEkad7nO3ZDckFOaeHbwld3zbhOih9xvmQ/getUpdates "HTTP/1.1 200 OK"
2026-07-22 22:08:00,940 [INFO] httpx: HTTP Request: POST https://api.telegram.org/bot8906918185:AAEkad7nO3ZDckFOaeHbwld3zbhOih9xvmQ/sendChatAction "HTTP/1.1 200 OK"
2026-07-22 22:08:01,332 [INFO] httpx: HTTP Request: POST http://127.0.0.1:8000/auth/register "HTTP/1.1 200 OK"
2026-07-22 22:08:01,333 [INFO] AutoAIBot: User: 8935137462 | Action: POST /auth/register - Status 200 | ResponseTime: 391.77ms
2026-07-22 22:08:01,778 [INFO] httpx: HTTP Request: POST http://127.0.0.1:8000/auth/login "HTTP/1.1 200 OK"
2026-07-22 22:08:01,779 [INFO] AutoAIBot: User: 8935137462 | Action: POST /auth/login - Status 200 | ResponseTime: 445.66ms
2026-07-22 22:08:02,222 [INFO] httpx: HTTP Request: POST https://api.telegram.org/bot8906918185:AAEkad7nO3ZDckFOaeHbwld3zbhOih9xvmQ/sendMessage "HTTP/1.1 200 OK"
2026-07-22 22:08:10,099 [INFO] httpx: HTTP Request: POST https://api.telegram.org/bot8906918185:AAEkad7nO3ZDckFOaeHbwld3zbhOih9xvmQ/getUpdates "HTTP/1.1 200 OK"
2026-07-22 22:08:20,362 [INFO] httpx: HTTP Request: POST https://api.telegram.org/bot8906918185:AAEkad7nO3ZDckFOaeHbwld3zbhOih9xvmQ/getUpdates "HTTP/1.1 200 OK"
2026-07-22 22:08:30,845 [INFO] httpx: HTTP Request: POST https://api.telegram.org/bot8906918185:AAEkad7nO3ZDckFOaeHbwld3zbhOih9xvmQ/getUpdates "HTTP/1.1 200 OK"
2026-07-22 22:08:41,108 [INFO] httpx: HTTP Request: POST https://api.telegram.org/bot8906918185:AAEkad7nO3ZDckFOaeHbwld3zbhOih9xvmQ/getUpdates "HTTP/1.1 200 OK"
2026-07-22 22:08:51,375 [INFO] httpx: HTTP Request: POST https://api.telegram.org/bot8906918185:AAEkad7nO3ZDckFOaeHbwld3zbhOih9xvmQ/getUpdates "HTTP/1.1 200 OK"
2026-07-22 22:09:01,651 [INFO] httpx: HTTP Request: POST https://api.telegram.org/bot8906918185:AAEkad7nO3ZDckFOaeHbwld3zbhOih9xvmQ/getUpdates "HTTP/1.1 200 OK"
2026-07-22 22:09:12,451 [INFO] httpx: HTTP Request: POST https://api.telegram.org/bot8906918185:AAEkad7nO3ZDckFOaeHbwld3zbhOih9xvmQ/getUpdates "HTTP/1.1 200 OK"
2026-07-22 22:09:22,714 [INFO] httpx: HTTP Request: POST https://api.telegram.org/bot8906918185:AAEkad7nO3ZDckFOaeHbwld3zbhOih9xvmQ/getUpdates "HTTP/1.1 200 OK"
2026-07-22 22:09:33,039 [INFO] httpx: HTTP Request: POST https://api.telegram.org/bot8906918185:AAEkad7nO3ZDckFOaeHbwld3zbhOih9xvmQ/getUpdates "HTTP/1.1 200 OK"
2026-07-22 22:09:43,301 [INFO] httpx: HTTP Request: POST https://api.telegram.org/bot8906918185:AAEkad7nO3ZDckFOaeHbwld3zbhOih9xvmQ/getUpdates "HTTP/1.1 200 OK"
2026-07-22 22:09:53,571 [INFO] httpx: HTTP Request: POST https://api.telegram.org/bot8906918185:AAEkad7nO3ZDckFOaeHbwld3zbhOih9xvmQ/getUpdates "HTTP/1.1 200 OK"
2026-07-22 22:10:03,839 [INFO] httpx: HTTP Request: POST https://api.telegram.org/bot8906918185:AAEkad7nO3ZDckFOaeHbwld3zbhOih9xvmQ/getUpdates "HTTP/1.1 200 OK"
2026-07-22 22:10:14,104 [INFO] httpx: HTTP Request: POST https://api.telegram.org/bot8906918185:AAEkad7nO3ZDckFOaeHbwld3zbhOih9xvmQ/getUpdates "HTTP/1.1 200 OK"
2026-07-22 22:10:24,374 [INFO] httpx: HTTP Request: POST https://api.telegram.org/bot8906918185:AAEkad7nO3ZDckFOaeHbwld3zbhOih9xvmQ/getUpdates "HTTP/1.1 200 OK"
2026-07-22 22:10:34,646 [INFO] httpx: HTTP Request: POST https://api.telegram.org/bot8906918185:AAEkad7nO3ZDckFOaeHbwld3zbhOih9xvmQ/getUpdates "HTTP/1.1 200 OK"
2026-07-22 22:10:44,908 [INFO] httpx: HTTP Request: POST https://api.telegram.org/bot8906918185:AAEkad7nO3ZDckFOaeHbwld3zbhOih9xvmQ/getUpdates "HTTP/1.1 200 OK"
2026-07-22 22:10:55,174 [INFO] httpx: HTTP Request: POST https://api.telegram.org/bot8906918185:AAEkad7nO3ZDckFOaeHbwld3zbhOih9xvmQ/getUpdates "HTTP/1.1 200 OK"
2026-07-22 22:11:05,441 [INFO] httpx: HTTP Request: POST https://api.telegram.org/bot8906918185:AAEkad7nO3ZDckFOaeHbwld3zbhOih9xvmQ/getUpdates "HTTP/1.1 200 OK"
2026-07-22 22:11:15,704 [INFO] httpx: HTTP Request: POST https://api.telegram.org/bot8906918185:AAEkad7nO3ZDckFOaeHbwld3zbhOih9xvmQ/getUpdates "HTTP/1.1 200 OK"
2026-07-22 22:11:26,240 [INFO] httpx: HTTP Request: POST https://api.telegram.org/bot8906918185:AAEkad7nO3ZDckFOaeHbwld3zbhOih9xvmQ/getUpdates "HTTP/1.1 200 OK"
2026-07-22 22:11:36,508 [INFO] httpx: HTTP Request: POST https://api.telegram.org/bot8906918185:AAEkad7nO3ZDckFOaeHbwld3zbhOih9xvmQ/getUpdates "HTTP/1.1 200 OK"
2026-07-22 22:11:46,775 [INFO] httpx: HTTP Request: POST https://api.telegram.org/bot8906918185:AAEkad7nO3ZDckFOaeHbwld3zbhOih9xvmQ/getUpdates "HTTP/1.1 200 OK"
2026-07-22 22:11:57,270 [INFO] httpx: HTTP Request: POST https://api.telegram.org/bot8906918185:AAEkad7nO3ZDckFOaeHbwld3zbhOih9xvmQ/getUpdates "HTTP/1.1 200 OK"
2026-07-22 22:12:07,534 [INFO] httpx: HTTP Request: POST https://api.telegram.org/bot8906918185:AAEkad7nO3ZDckFOaeHbwld3zbhOih9xvmQ/getUpdates "HTTP/1.1 200 OK"
2026-07-22 22:12:17,917 [INFO] httpx: HTTP Request: POST https://api.telegram.org/bot8906918185:AAEkad7nO3ZDckFOaeHbwld3zbhOih9xvmQ/getUpdates "HTTP/1.1 200 OK"
2026-07-22 22:12:28,185 [INFO] httpx: HTTP Request: POST https://api.telegram.org/bot8906918185:AAEkad7nO3ZDckFOaeHbwld3zbhOih9xvmQ/getUpdates "HTTP/1.1 200 OK"
2026-07-22 22:12:38,452 [INFO] httpx: HTTP Request: POST https://api.telegram.org/bot8906918185:AAEkad7nO3ZDckFOaeHbwld3zbhOih9xvmQ/getUpdates "HTTP/1.1 200 OK"
2026-07-22 22:12:48,719 [INFO] httpx: HTTP Request: POST https://api.telegram.org/bot8906918185:AAEkad7nO3ZDckFOaeHbwld3zbhOih9xvmQ/getUpdates "HTTP/1.1 200 OK"
2026-07-22 22:12:58,995 [INFO] httpx: HTTP Request: POST https://api.telegram.org/bot8906918185:AAEkad7nO3ZDckFOaeHbwld3zbhOih9xvmQ/getUpdates "HTTP/1.1 200 OK"
2026-07-22 22:13:09,861 [INFO] httpx: HTTP Request: POST https://api.telegram.org/bot8906918185:AAEkad7nO3ZDckFOaeHbwld3zbhOih9xvmQ/getUpdates "HTTP/1.1 200 OK"
2026-07-22 22:13:20,347 [INFO] httpx: HTTP Request: POST https://api.telegram.org/bot8906918185:AAEkad7nO3ZDckFOaeHbwld3zbhOih9xvmQ/getUpdates "HTTP/1.1 200 OK"
2026-07-22 22:13:30,611 [INFO] httpx: HTTP Request: POST https://api.telegram.org/bot8906918185:AAEkad7nO3ZDckFOaeHbwld3zbhOih9xvmQ/getUpdates "HTTP/1.1 200 OK"
2026-07-22 22:13:41,097 [INFO] httpx: HTTP Request: POST https://api.telegram.org/bot8906918185:AAEkad7nO3ZDckFOaeHbwld3zbhOih9xvmQ/getUpdates "HTTP/1.1 200 OK"
2026-07-22 22:13:51,362 [INFO] httpx: HTTP Request: POST https://api.telegram.org/bot8906918185:AAEkad7nO3ZDckFOaeHbwld3zbhOih9xvmQ/getUpdates "HTTP/1.1 200 OK"
2026-07-22 22:14:01,628 [INFO] httpx: HTTP Request: POST https://api.telegram.org/bot8906918185:AAEkad7nO3ZDckFOaeHbwld3zbhOih9xvmQ/getUpdates "HTTP/1.1 200 OK"
2026-07-22 22:14:11,900 [INFO] httpx: HTTP Request: POST https://api.telegram.org/bot8906918185:AAEkad7nO3ZDckFOaeHbwld3zbhOih9xvmQ/getUpdates "HTTP/1.1 200 OK"
2026-07-22 22:14:22,401 [INFO] httpx: HTTP Request: POST https://api.telegram.org/bot8906918185:AAEkad7nO3ZDckFOaeHbwld3zbhOih9xvmQ/getUpdates "HTTP/1.1 200 OK"
2026-07-22 22:14:32,666 [INFO] httpx: HTTP Request: POST https://api.telegram.org/bot8906918185:AAEkad7nO3ZDckFOaeHbwld3zbhOih9xvmQ/getUpdates "HTTP/1.1 200 OK"
2026-07-22 22:14:43,716 [INFO] httpx: HTTP Request: POST https://api.telegram.org/bot8906918185:AAEkad7nO3ZDckFOaeHbwld3zbhOih9xvmQ/getUpdates "HTTP/1.1 200 OK"
2026-07-22 22:14:54,323 [INFO] httpx: HTTP Request: POST https://api.telegram.org/bot8906918185:AAEkad7nO3ZDckFOaeHbwld3zbhOih9xvmQ/getUpdates "HTTP/1.1 200 OK"
2026-07-22 22:15:04,585 [INFO] httpx: HTTP Request: POST https://api.telegram.org/bot8906918185:AAEkad7nO3ZDckFOaeHbwld3zbhOih9xvmQ/getUpdates "HTTP/1.1 200 OK"
2026-07-22 22:15:14,855 [INFO] httpx: HTTP Request: POST https://api.telegram.org/bot8906918185:AAEkad7nO3ZDckFOaeHbwld3zbhOih9xvmQ/getUpdates "HTTP/1.1 200 OK"
2026-07-22 22:15:25,153 [INFO] httpx: HTTP Request: POST https://api.telegram.org/bot8906918185:AAEkad7nO3ZDckFOaeHbwld3zbhOih9xvmQ/getUpdates "HTTP/1.1 200 OK"
2026-07-22 22:15:35,971 [INFO] httpx: HTTP Request: POST https://api.telegram.org/bot8906918185:AAEkad7nO3ZDckFOaeHbwld3zbhOih9xvmQ/getUpdates "HTTP/1.1 200 OK"
2026-07-22 22:15:46,234 [INFO] httpx: HTTP Request: POST https://api.telegram.org/bot8906918185:AAEkad7nO3ZDckFOaeHbwld3zbhOih9xvmQ/getUpdates "HTTP/1.1 200 OK"
2026-07-22 22:15:56,499 [INFO] httpx: HTTP Request: POST https://api.telegram.org/bot8906918185:AAEkad7nO3ZDckFOaeHbwld3zbhOih9xvmQ/getUpdates "HTTP/1.1 200 OK"
2026-07-22 22:16:06,766 [INFO] httpx: HTTP Request: POST https://api.telegram.org/bot8906918185:AAEkad7nO3ZDckFOaeHbwld3zbhOih9xvmQ/getUpdates "HTTP/1.1 200 OK"
2026-07-22 22:16:17,029 [INFO] httpx: HTTP Request: POST https://api.telegram.org/bot8906918185:AAEkad7nO3ZDckFOaeHbwld3zbhOih9xvmQ/getUpdates "HTTP/1.1 200 OK"
2026-07-22 22:16:27,546 [INFO] httpx: HTTP Request: POST https://api.telegram.org/bot8906918185:AAEkad7nO3ZDckFOaeHbwld3zbhOih9xvmQ/getUpdates "HTTP/1.1 200 OK"
2026-07-22 22:16:37,809 [INFO] httpx: HTTP Request: POST https://api.telegram.org/bot8906918185:AAEkad7nO3ZDckFOaeHbwld3zbhOih9xvmQ/getUpdates "HTTP/1.1 200 OK"
2026-07-22 22:16:48,404 [INFO] httpx: HTTP Request: POST https://api.telegram.org/bot8906918185:AAEkad7nO3ZDckFOaeHbwld3zbhOih9xvmQ/getUpdates "HTTP/1.1 200 OK"
2026-07-22 22:16:58,669 [INFO] httpx: HTTP Request: POST https://api.telegram.org/bot8906918185:AAEkad7nO3ZDckFOaeHbwld3zbhOih9xvmQ/getUpdates "HTTP/1.1 200 OK"
2026-07-22 22:17:08,936 [INFO] httpx: HTTP Request: POST https://api.telegram.org/bot8906918185:AAEkad7nO3ZDckFOaeHbwld3zbhOih9xvmQ/getUpdates "HTTP/1.1 200 OK"
2026-07-22 22:17:13,623 [INFO] httpx: HTTP Request: POST https://api.telegram.org/bot8906918185:AAEkad7nO3ZDckFOaeHbwld3zbhOih9xvmQ/getUpdates "HTTP/1.1 200 OK"
2026-07-22 22:17:23,888 [INFO] httpx: HTTP Request: POST https://api.telegram.org/bot8906918185:AAEkad7nO3ZDckFOaeHbwld3zbhOih9xvmQ/getUpdates "HTTP/1.1 200 OK"
2026-07-22 22:17:32,349 [INFO] httpx: HTTP Request: POST https://api.telegram.org/bot8906918185:AAEkad7nO3ZDckFOaeHbwld3zbhOih9xvmQ/getUpdates "HTTP/1.1 200 OK"
2026-07-22 22:17:33,457 [INFO] httpx: HTTP Request: POST https://api.telegram.org/bot8906918185:AAEkad7nO3ZDckFOaeHbwld3zbhOih9xvmQ/sendChatAction "HTTP/1.1 200 OK"
2026-07-22 22:17:33,892 [INFO] httpx: HTTP Request: POST http://127.0.0.1:8000/auth/register "HTTP/1.1 200 OK"
2026-07-22 22:17:33,893 [INFO] AutoAIBot: User: 1095032560 | Action: POST /auth/register - Status 200 | ResponseTime: 435.87ms
2026-07-22 22:17:34,351 [INFO] httpx: HTTP Request: POST http://127.0.0.1:8000/auth/login "HTTP/1.1 200 OK"
2026-07-22 22:17:34,352 [INFO] AutoAIBot: User: 1095032560 | Action: POST /auth/login - Status 200 | ResponseTime: 458.66ms
2026-07-22 22:17:34,848 [INFO] httpx: HTTP Request: POST https://api.telegram.org/bot8906918185:AAEkad7nO3ZDckFOaeHbwld3zbhOih9xvmQ/sendMessage "HTTP/1.1 200 OK"
2026-07-22 22:17:41,393 [INFO] httpx: HTTP Request: POST https://api.telegram.org/bot8906918185:AAEkad7nO3ZDckFOaeHbwld3zbhOih9xvmQ/getUpdates "HTTP/1.1 200 OK"
2026-07-22 22:17:42,708 [INFO] httpx: HTTP Request: POST https://api.telegram.org/bot8906918185:AAEkad7nO3ZDckFOaeHbwld3zbhOih9xvmQ/sendChatAction "HTTP/1.1 200 OK"
2026-07-22 22:17:43,271 [INFO] httpx: HTTP Request: POST https://api.telegram.org/bot8906918185:AAEkad7nO3ZDckFOaeHbwld3zbhOih9xvmQ/sendMessage "HTTP/1.1 200 OK"
2026-07-22 22:17:51,656 [INFO] httpx: HTTP Request: POST https://api.telegram.org/bot8906918185:AAEkad7nO3ZDckFOaeHbwld3zbhOih9xvmQ/getUpdates "HTTP/1.1 200 OK"
2026-07-22 22:18:02,151 [INFO] httpx: HTTP Request: POST https://api.telegram.org/bot8906918185:AAEkad7nO3ZDckFOaeHbwld3zbhOih9xvmQ/getUpdates "HTTP/1.1 200 OK"
2026-07-22 22:18:12,966 [INFO] httpx: HTTP Request: POST https://api.telegram.org/bot8906918185:AAEkad7nO3ZDckFOaeHbwld3zbhOih9xvmQ/getUpdates "HTTP/1.1 200 OK"
2026-07-22 22:18:23,238 [INFO] httpx: HTTP Request: POST https://api.telegram.org/bot8906918185:AAEkad7nO3ZDckFOaeHbwld3zbhOih9xvmQ/getUpdates "HTTP/1.1 200 OK"
2026-07-22 22:18:33,728 [INFO] httpx: HTTP Request: POST https://api.telegram.org/bot8906918185:AAEkad7nO3ZDckFOaeHbwld3zbhOih9xvmQ/getUpdates "HTTP/1.1 200 OK"
2026-07-22 22:18:35,311 [INFO] httpx: HTTP Request: POST https://api.telegram.org/bot8906918185:AAEkad7nO3ZDckFOaeHbwld3zbhOih9xvmQ/getUpdates "HTTP/1.1 200 OK"
2026-07-22 22:18:45,848 [INFO] httpx: HTTP Request: POST https://api.telegram.org/bot8906918185:AAEkad7nO3ZDckFOaeHbwld3zbhOih9xvmQ/getUpdates "HTTP/1.1 200 OK"
2026-07-22 22:18:47,968 [INFO] httpx: HTTP Request: POST https://api.telegram.org/bot8906918185:AAEkad7nO3ZDckFOaeHbwld3zbhOih9xvmQ/getUpdates "HTTP/1.1 200 OK"
2026-07-22 22:18:49,429 [INFO] httpx: HTTP Request: POST https://api.telegram.org/bot8906918185:AAEkad7nO3ZDckFOaeHbwld3zbhOih9xvmQ/sendChatAction "HTTP/1.1 200 OK"
2026-07-22 22:18:50,010 [INFO] httpx: HTTP Request: POST https://api.telegram.org/bot8906918185:AAEkad7nO3ZDckFOaeHbwld3zbhOih9xvmQ/sendMessage "HTTP/1.1 200 OK"
2026-07-22 22:18:52,858 [INFO] httpx: HTTP Request: POST https://api.telegram.org/bot8906918185:AAEkad7nO3ZDckFOaeHbwld3zbhOih9xvmQ/getUpdates "HTTP/1.1 200 OK"
2026-07-22 22:18:53,556 [INFO] httpx: HTTP Request: POST https://api.telegram.org/bot8906918185:AAEkad7nO3ZDckFOaeHbwld3zbhOih9xvmQ/sendChatAction "HTTP/1.1 200 OK"
2026-07-22 22:18:54,881 [INFO] httpx: HTTP Request: POST https://api.telegram.org/bot8906918185:AAEkad7nO3ZDckFOaeHbwld3zbhOih9xvmQ/sendMessage "HTTP/1.1 200 OK"
2026-07-22 22:19:03,122 [INFO] httpx: HTTP Request: POST https://api.telegram.org/bot8906918185:AAEkad7nO3ZDckFOaeHbwld3zbhOih9xvmQ/getUpdates "HTTP/1.1 200 OK"
2026-07-22 22:19:13,389 [INFO] httpx: HTTP Request: POST https://api.telegram.org/bot8906918185:AAEkad7nO3ZDckFOaeHbwld3zbhOih9xvmQ/getUpdates "HTTP/1.1 200 OK"
2026-07-22 22:19:14,205 [INFO] httpx: HTTP Request: POST https://api.telegram.org/bot8906918185:AAEkad7nO3ZDckFOaeHbwld3zbhOih9xvmQ/getUpdates "HTTP/1.1 200 OK"
2026-07-22 22:19:24,474 [INFO] httpx: HTTP Request: POST https://api.telegram.org/bot8906918185:AAEkad7nO3ZDckFOaeHbwld3zbhOih9xvmQ/getUpdates "HTTP/1.1 200 OK"
2026-07-22 22:19:33,881 [INFO] httpx: HTTP Request: POST https://api.telegram.org/bot8906918185:AAEkad7nO3ZDckFOaeHbwld3zbhOih9xvmQ/getUpdates "HTTP/1.1 200 OK"
2026-07-22 22:19:35,731 [INFO] httpx: HTTP Request: POST https://api.telegram.org/bot8906918185:AAEkad7nO3ZDckFOaeHbwld3zbhOih9xvmQ/sendChatAction "HTTP/1.1 200 OK"
2026-07-22 22:19:44,364 [INFO] httpx: HTTP Request: POST https://api.telegram.org/bot8906918185:AAEkad7nO3ZDckFOaeHbwld3zbhOih9xvmQ/getUpdates "HTTP/1.1 200 OK"
2026-07-22 22:19:50,905 [ERROR] AutoAIBot: User: 1780250348 | Action: POST /chat/ - Request Failed | ResponseTime: 15172.76ms | Error: 
2026-07-22 22:19:50,905 [ERROR] AutoAIBot: AI chat request failed: 
2026-07-22 22:19:52,014 [INFO] httpx: HTTP Request: POST https://api.telegram.org/bot8906918185:AAEkad7nO3ZDckFOaeHbwld3zbhOih9xvmQ/sendMessage "HTTP/1.1 200 OK"
2026-07-22 22:19:54,637 [INFO] httpx: HTTP Request: POST https://api.telegram.org/bot8906918185:AAEkad7nO3ZDckFOaeHbwld3zbhOih9xvmQ/getUpdates "HTTP/1.1 200 OK"
2026-07-22 22:20:00,285 [INFO] httpx: HTTP Request: POST https://api.telegram.org/bot8906918185:AAEkad7nO3ZDckFOaeHbwld3zbhOih9xvmQ/getUpdates "HTTP/1.1 200 OK"
2026-07-22 22:20:01,646 [INFO] httpx: HTTP Request: POST https://api.telegram.org/bot8906918185:AAEkad7nO3ZDckFOaeHbwld3zbhOih9xvmQ/sendChatAction "HTTP/1.1 200 OK"
2026-07-22 22:20:02,143 [INFO] httpx: HTTP Request: POST https://api.telegram.org/bot8906918185:AAEkad7nO3ZDckFOaeHbwld3zbhOih9xvmQ/sendMessage "HTTP/1.1 200 OK"
2026-07-22 22:20:03,745 [INFO] httpx: HTTP Request: POST https://api.telegram.org/bot8906918185:AAEkad7nO3ZDckFOaeHbwld3zbhOih9xvmQ/getUpdates "HTTP/1.1 200 OK"
2026-07-22 22:20:04,653 [INFO] httpx: HTTP Request: POST https://api.telegram.org/bot8906918185:AAEkad7nO3ZDckFOaeHbwld3zbhOih9xvmQ/sendChatAction "HTTP/1.1 200 OK"
2026-07-22 22:20:05,157 [INFO] httpx: HTTP Request: POST https://api.telegram.org/bot8906918185:AAEkad7nO3ZDckFOaeHbwld3zbhOih9xvmQ/sendMessage "HTTP/1.1 200 OK"
2026-07-22 22:20:12,404 [INFO] httpx: HTTP Request: POST https://api.telegram.org/bot8906918185:AAEkad7nO3ZDckFOaeHbwld3zbhOih9xvmQ/getUpdates "HTTP/1.1 200 OK"
2026-07-22 22:20:13,867 [INFO] httpx: HTTP Request: POST https://api.telegram.org/bot8906918185:AAEkad7nO3ZDckFOaeHbwld3zbhOih9xvmQ/sendMessage "HTTP/1.1 200 OK"
2026-07-22 22:20:22,688 [INFO] httpx: HTTP Request: POST https://api.telegram.org/bot8906918185:AAEkad7nO3ZDckFOaeHbwld3zbhOih9xvmQ/getUpdates "HTTP/1.1 200 OK"
2026-07-22 22:20:32,965 [INFO] httpx: HTTP Request: POST https://api.telegram.org/bot8906918185:AAEkad7nO3ZDckFOaeHbwld3zbhOih9xvmQ/getUpdates "HTTP/1.1 200 OK"
2026-07-22 22:20:43,232 [INFO] httpx: HTTP Request: POST https://api.telegram.org/bot8906918185:AAEkad7nO3ZDckFOaeHbwld3zbhOih9xvmQ/getUpdates "HTTP/1.1 200 OK"
2026-07-22 22:20:53,498 [INFO] httpx: HTTP Request: POST https://api.telegram.org/bot8906918185:AAEkad7nO3ZDckFOaeHbwld3zbhOih9xvmQ/getUpdates "HTTP/1.1 200 OK"
2026-07-22 22:21:03,807 [INFO] httpx: HTTP Request: POST https://api.telegram.org/bot8906918185:AAEkad7nO3ZDckFOaeHbwld3zbhOih9xvmQ/getUpdates "HTTP/1.1 200 OK"
2026-07-22 22:21:14,073 [INFO] httpx: HTTP Request: POST https://api.telegram.org/bot8906918185:AAEkad7nO3ZDckFOaeHbwld3zbhOih9xvmQ/getUpdates "HTTP/1.1 200 OK"
2026-07-22 22:21:24,336 [INFO] httpx: HTTP Request: POST https://api.telegram.org/bot8906918185:AAEkad7nO3ZDckFOaeHbwld3zbhOih9xvmQ/getUpdates "HTTP/1.1 200 OK"
2026-07-22 22:21:27,202 [INFO] httpx: HTTP Request: POST https://api.telegram.org/bot8906918185:AAEkad7nO3ZDckFOaeHbwld3zbhOih9xvmQ/getUpdates "HTTP/1.1 200 OK"
2026-07-22 22:21:28,508 [INFO] httpx: HTTP Request: POST https://api.telegram.org/bot8906918185:AAEkad7nO3ZDckFOaeHbwld3zbhOih9xvmQ/sendChatAction "HTTP/1.1 200 OK"
2026-07-22 22:21:29,166 [INFO] httpx: HTTP Request: POST https://api.telegram.org/bot8906918185:AAEkad7nO3ZDckFOaeHbwld3zbhOih9xvmQ/sendMessage "HTTP/1.1 200 OK"
2026-07-22 22:21:32,636 [INFO] httpx: HTTP Request: POST https://api.telegram.org/bot8906918185:AAEkad7nO3ZDckFOaeHbwld3zbhOih9xvmQ/getUpdates "HTTP/1.1 200 OK"
2026-07-22 22:21:33,075 [INFO] httpx: HTTP Request: POST https://api.telegram.org/bot8906918185:AAEkad7nO3ZDckFOaeHbwld3zbhOih9xvmQ/sendChatAction "HTTP/1.1 200 OK"
2026-07-22 22:21:33,559 [INFO] httpx: HTTP Request: POST https://api.telegram.org/bot8906918185:AAEkad7nO3ZDckFOaeHbwld3zbhOih9xvmQ/sendMessage "HTTP/1.1 200 OK"
2026-07-22 22:21:43,129 [INFO] httpx: HTTP Request: POST https://api.telegram.org/bot8906918185:AAEkad7nO3ZDckFOaeHbwld3zbhOih9xvmQ/getUpdates "HTTP/1.1 200 OK"
2026-07-22 22:21:44,843 [INFO] httpx: HTTP Request: POST https://api.telegram.org/bot8906918185:AAEkad7nO3ZDckFOaeHbwld3zbhOih9xvmQ/sendMessage "HTTP/1.1 200 OK"
2026-07-22 22:21:49,253 [INFO] httpx: HTTP Request: POST https://api.telegram.org/bot8906918185:AAEkad7nO3ZDckFOaeHbwld3zbhOih9xvmQ/getUpdates "HTTP/1.1 200 OK"
2026-07-22 22:21:49,916 [INFO] httpx: HTTP Request: POST https://api.telegram.org/bot8906918185:AAEkad7nO3ZDckFOaeHbwld3zbhOih9xvmQ/answerCallbackQuery "HTTP/1.1 200 OK"
2026-07-22 22:21:50,362 [INFO] httpx: HTTP Request: POST https://api.telegram.org/bot8906918185:AAEkad7nO3ZDckFOaeHbwld3zbhOih9xvmQ/editMessageText "HTTP/1.1 200 OK"
2026-07-22 22:21:51,529 [INFO] httpx: HTTP Request: POST https://api.telegram.org/bot8906918185:AAEkad7nO3ZDckFOaeHbwld3zbhOih9xvmQ/sendMessage "HTTP/1.1 200 OK"
2026-07-22 22:21:59,569 [INFO] httpx: HTTP Request: POST https://api.telegram.org/bot8906918185:AAEkad7nO3ZDckFOaeHbwld3zbhOih9xvmQ/getUpdates "HTTP/1.1 200 OK"
2026-07-22 22:22:05,961 [INFO] httpx: HTTP Request: POST https://api.telegram.org/bot8906918185:AAEkad7nO3ZDckFOaeHbwld3zbhOih9xvmQ/getUpdates "HTTP/1.1 200 OK"
2026-07-22 22:22:07,563 [INFO] httpx: HTTP Request: POST https://api.telegram.org/bot8906918185:AAEkad7nO3ZDckFOaeHbwld3zbhOih9xvmQ/answerCallbackQuery "HTTP/1.1 200 OK"
2026-07-22 22:22:08,014 [INFO] httpx: HTTP Request: POST https://api.telegram.org/bot8906918185:AAEkad7nO3ZDckFOaeHbwld3zbhOih9xvmQ/editMessageText "HTTP/1.1 200 OK"
2026-07-22 22:22:08,485 [INFO] httpx: HTTP Request: POST https://api.telegram.org/bot8906918185:AAEkad7nO3ZDckFOaeHbwld3zbhOih9xvmQ/sendMessage "HTTP/1.1 200 OK"
2026-07-22 22:22:16,271 [INFO] httpx: HTTP Request: POST https://api.telegram.org/bot8906918185:AAEkad7nO3ZDckFOaeHbwld3zbhOih9xvmQ/getUpdates "HTTP/1.1 200 OK"
2026-07-22 22:22:16,542 [INFO] httpx: HTTP Request: POST https://api.telegram.org/bot8906918185:AAEkad7nO3ZDckFOaeHbwld3zbhOih9xvmQ/getUpdates "HTTP/1.1 200 OK"
2026-07-22 22:22:17,576 [INFO] httpx: HTTP Request: POST https://api.telegram.org/bot8906918185:AAEkad7nO3ZDckFOaeHbwld3zbhOih9xvmQ/answerCallbackQuery "HTTP/1.1 200 OK"
2026-07-22 22:22:18,241 [INFO] httpx: HTTP Request: POST https://api.telegram.org/bot8906918185:AAEkad7nO3ZDckFOaeHbwld3zbhOih9xvmQ/editMessageText "HTTP/1.1 200 OK"
2026-07-22 22:22:18,676 [INFO] httpx: HTTP Request: POST https://api.telegram.org/bot8906918185:AAEkad7nO3ZDckFOaeHbwld3zbhOih9xvmQ/sendMessage "HTTP/1.1 200 OK"
2026-07-22 22:22:20,991 [INFO] httpx: HTTP Request: POST https://api.telegram.org/bot8906918185:AAEkad7nO3ZDckFOaeHbwld3zbhOih9xvmQ/getUpdates "HTTP/1.1 200 OK"
2026-07-22 22:22:21,594 [INFO] httpx: HTTP Request: POST https://api.telegram.org/bot8906918185:AAEkad7nO3ZDckFOaeHbwld3zbhOih9xvmQ/answerCallbackQuery "HTTP/1.1 200 OK"
2026-07-22 22:22:22,242 [INFO] httpx: HTTP Request: POST https://api.telegram.org/bot8906918185:AAEkad7nO3ZDckFOaeHbwld3zbhOih9xvmQ/editMessageText "HTTP/1.1 200 OK"
2026-07-22 22:22:22,765 [INFO] httpx: HTTP Request: POST https://api.telegram.org/bot8906918185:AAEkad7nO3ZDckFOaeHbwld3zbhOih9xvmQ/sendMessage "HTTP/1.1 200 OK"
2026-07-22 22:22:31,292 [INFO] httpx: HTTP Request: POST https://api.telegram.org/bot8906918185:AAEkad7nO3ZDckFOaeHbwld3zbhOih9xvmQ/getUpdates "HTTP/1.1 200 OK"
2026-07-22 22:22:38,122 [INFO] httpx: HTTP Request: POST https://api.telegram.org/bot8906918185:AAEkad7nO3ZDckFOaeHbwld3zbhOih9xvmQ/getUpdates "HTTP/1.1 200 OK"
2026-07-22 22:22:39,265 [INFO] httpx: HTTP Request: POST https://api.telegram.org/bot8906918185:AAEkad7nO3ZDckFOaeHbwld3zbhOih9xvmQ/answerCallbackQuery "HTTP/1.1 200 OK"
2026-07-22 22:22:39,981 [INFO] httpx: HTTP Request: POST https://api.telegram.org/bot8906918185:AAEkad7nO3ZDckFOaeHbwld3zbhOih9xvmQ/editMessageText "HTTP/1.1 200 OK"
2026-07-22 22:22:40,420 [INFO] httpx: HTTP Request: POST https://api.telegram.org/bot8906918185:AAEkad7nO3ZDckFOaeHbwld3zbhOih9xvmQ/sendMessage "HTTP/1.1 200 OK"
2026-07-22 22:22:40,594 [INFO] httpx: HTTP Request: POST http://127.0.0.1:8000/recommend/ "HTTP/1.1 200 OK"
2026-07-22 22:22:40,595 [INFO] AutoAIBot: User: 1095032560 | Action: POST /recommend/ - Status 200 | ResponseTime: 174.44ms
2026-07-22 22:22:41,058 [INFO] httpx: HTTP Request: POST https://api.telegram.org/bot8906918185:AAEkad7nO3ZDckFOaeHbwld3zbhOih9xvmQ/sendMessage "HTTP/1.1 200 OK"
2026-07-22 22:22:48,643 [INFO] httpx: HTTP Request: POST https://api.telegram.org/bot8906918185:AAEkad7nO3ZDckFOaeHbwld3zbhOih9xvmQ/getUpdates "HTTP/1.1 200 OK"
2026-07-22 22:22:52,199 [INFO] httpx: HTTP Request: POST https://api.telegram.org/bot8906918185:AAEkad7nO3ZDckFOaeHbwld3zbhOih9xvmQ/getUpdates "HTTP/1.1 200 OK"
2026-07-22 22:22:53,650 [INFO] httpx: HTTP Request: POST https://api.telegram.org/bot8906918185:AAEkad7nO3ZDckFOaeHbwld3zbhOih9xvmQ/sendChatAction "HTTP/1.1 200 OK"
2026-07-22 22:22:54,370 [INFO] httpx: HTTP Request: POST https://api.telegram.org/bot8906918185:AAEkad7nO3ZDckFOaeHbwld3zbhOih9xvmQ/sendChatAction "HTTP/1.1 200 OK"
2026-07-22 22:22:54,547 [INFO] httpx: HTTP Request: GET http://127.0.0.1:8000/favorites/7 "HTTP/1.1 200 OK"
2026-07-22 22:22:54,548 [INFO] AutoAIBot: User: 1095032560 | Action: GET /favorites/7 - Status 200 | ResponseTime: 177.18ms
2026-07-22 22:22:54,710 [INFO] httpx: HTTP Request: GET http://127.0.0.1:8000/wishlist/ "HTTP/1.1 200 OK"
2026-07-22 22:22:54,710 [INFO] AutoAIBot: User: 1095032560 | Action: GET /wishlist/ - Status 200 | ResponseTime: 162.07ms
2026-07-22 22:22:55,246 [INFO] httpx: HTTP Request: POST https://api.telegram.org/bot8906918185:AAEkad7nO3ZDckFOaeHbwld3zbhOih9xvmQ/sendMessage "HTTP/1.1 200 OK"
2026-07-22 22:23:02,696 [INFO] httpx: HTTP Request: POST https://api.telegram.org/bot8906918185:AAEkad7nO3ZDckFOaeHbwld3zbhOih9xvmQ/getUpdates "HTTP/1.1 200 OK"
2026-07-22 22:23:04,960 [INFO] httpx: HTTP Request: POST https://api.telegram.org/bot8906918185:AAEkad7nO3ZDckFOaeHbwld3zbhOih9xvmQ/getUpdates "HTTP/1.1 200 OK"
2026-07-22 22:23:06,160 [INFO] httpx: HTTP Request: POST https://api.telegram.org/bot8906918185:AAEkad7nO3ZDckFOaeHbwld3zbhOih9xvmQ/sendChatAction "HTTP/1.1 200 OK"
2026-07-22 22:23:06,574 [INFO] httpx: HTTP Request: POST https://api.telegram.org/bot8906918185:AAEkad7nO3ZDckFOaeHbwld3zbhOih9xvmQ/sendMessage "HTTP/1.1 200 OK"
2026-07-22 22:23:15,451 [INFO] httpx: HTTP Request: POST https://api.telegram.org/bot8906918185:AAEkad7nO3ZDckFOaeHbwld3zbhOih9xvmQ/getUpdates "HTTP/1.1 200 OK"
2026-07-22 22:23:25,713 [INFO] httpx: HTTP Request: POST https://api.telegram.org/bot8906918185:AAEkad7nO3ZDckFOaeHbwld3zbhOih9xvmQ/getUpdates "HTTP/1.1 200 OK"
2026-07-22 22:23:35,982 [INFO] httpx: HTTP Request: POST https://api.telegram.org/bot8906918185:AAEkad7nO3ZDckFOaeHbwld3zbhOih9xvmQ/getUpdates "HTTP/1.1 200 OK"
2026-07-22 22:23:46,251 [INFO] httpx: HTTP Request: POST https://api.telegram.org/bot8906918185:AAEkad7nO3ZDckFOaeHbwld3zbhOih9xvmQ/getUpdates "HTTP/1.1 200 OK"
2026-07-22 22:23:56,514 [INFO] httpx: HTTP Request: POST https://api.telegram.org/bot8906918185:AAEkad7nO3ZDckFOaeHbwld3zbhOih9xvmQ/getUpdates "HTTP/1.1 200 OK"
2026-07-22 22:24:06,775 [INFO] httpx: HTTP Request: POST https://api.telegram.org/bot8906918185:AAEkad7nO3ZDckFOaeHbwld3zbhOih9xvmQ/getUpdates "HTTP/1.1 200 OK"
2026-07-22 22:24:13,594 [INFO] httpx: HTTP Request: POST https://api.telegram.org/bot8906918185:AAEkad7nO3ZDckFOaeHbwld3zbhOih9xvmQ/getUpdates "HTTP/1.1 200 OK"
2026-07-22 22:24:14,903 [INFO] httpx: HTTP Request: POST https://api.telegram.org/bot8906918185:AAEkad7nO3ZDckFOaeHbwld3zbhOih9xvmQ/sendChatAction "HTTP/1.1 200 OK"
2026-07-22 22:24:23,861 [INFO] httpx: HTTP Request: POST https://api.telegram.org/bot8906918185:AAEkad7nO3ZDckFOaeHbwld3zbhOih9xvmQ/getUpdates "HTTP/1.1 200 OK"
2026-07-22 22:24:30,090 [ERROR] AutoAIBot: User: 1095032560 | Action: POST /chat/ - Request Failed | ResponseTime: 15186.31ms | Error: 
2026-07-22 22:24:30,090 [ERROR] AutoAIBot: AI chat request failed: 
2026-07-22 22:24:31,601 [INFO] httpx: HTTP Request: POST https://api.telegram.org/bot8906918185:AAEkad7nO3ZDckFOaeHbwld3zbhOih9xvmQ/sendMessage "HTTP/1.1 200 OK"
2026-07-22 22:24:34,339 [INFO] httpx: HTTP Request: POST https://api.telegram.org/bot8906918185:AAEkad7nO3ZDckFOaeHbwld3zbhOih9xvmQ/getUpdates "HTTP/1.1 200 OK"
2026-07-22 22:24:44,597 [INFO] httpx: HTTP Request: POST https://api.telegram.org/bot8906918185:AAEkad7nO3ZDckFOaeHbwld3zbhOih9xvmQ/getUpdates "HTTP/1.1 200 OK"
2026-07-22 22:24:55,355 [INFO] httpx: HTTP Request: POST https://api.telegram.org/bot8906918185:AAEkad7nO3ZDckFOaeHbwld3zbhOih9xvmQ/getUpdates "HTTP/1.1 200 OK"
2026-07-22 22:25:05,620 [INFO] httpx: HTTP Request: POST https://api.telegram.org/bot8906918185:AAEkad7nO3ZDckFOaeHbwld3zbhOih9xvmQ/getUpdates "HTTP/1.1 200 OK"
2026-07-22 22:25:15,916 [INFO] httpx: HTTP Request: POST https://api.telegram.org/bot8906918185:AAEkad7nO3ZDckFOaeHbwld3zbhOih9xvmQ/getUpdates "HTTP/1.1 200 OK"
2026-07-22 22:25:26,216 [INFO] httpx: HTTP Request: POST https://api.telegram.org/bot8906918185:AAEkad7nO3ZDckFOaeHbwld3zbhOih9xvmQ/getUpdates "HTTP/1.1 200 OK"
2026-07-22 22:25:36,475 [INFO] httpx: HTTP Request: POST https://api.telegram.org/bot8906918185:AAEkad7nO3ZDckFOaeHbwld3zbhOih9xvmQ/getUpdates "HTTP/1.1 200 OK"
2026-07-22 22:25:46,734 [INFO] httpx: HTTP Request: POST https://api.telegram.org/bot8906918185:AAEkad7nO3ZDckFOaeHbwld3zbhOih9xvmQ/getUpdates "HTTP/1.1 200 OK"
2026-07-22 22:25:57,210 [INFO] httpx: HTTP Request: POST https://api.telegram.org/bot8906918185:AAEkad7nO3ZDckFOaeHbwld3zbhOih9xvmQ/getUpdates "HTTP/1.1 200 OK"
2026-07-22 22:26:07,471 [INFO] httpx: HTTP Request: POST https://api.telegram.org/bot8906918185:AAEkad7nO3ZDckFOaeHbwld3zbhOih9xvmQ/getUpdates "HTTP/1.1 200 OK"
2026-07-22 22:26:17,731 [INFO] httpx: HTTP Request: POST https://api.telegram.org/bot8906918185:AAEkad7nO3ZDckFOaeHbwld3zbhOih9xvmQ/getUpdates "HTTP/1.1 200 OK"
2026-07-22 22:26:27,993 [INFO] httpx: HTTP Request: POST https://api.telegram.org/bot8906918185:AAEkad7nO3ZDckFOaeHbwld3zbhOih9xvmQ/getUpdates "HTTP/1.1 200 OK"
2026-07-22 22:26:38,305 [INFO] httpx: HTTP Request: POST https://api.telegram.org/bot8906918185:AAEkad7nO3ZDckFOaeHbwld3zbhOih9xvmQ/getUpdates "HTTP/1.1 200 OK"
2026-07-22 22:26:48,784 [INFO] httpx: HTTP Request: POST https://api.telegram.org/bot8906918185:AAEkad7nO3ZDckFOaeHbwld3zbhOih9xvmQ/getUpdates "HTTP/1.1 200 OK"
2026-07-22 22:26:59,045 [INFO] httpx: HTTP Request: POST https://api.telegram.org/bot8906918185:AAEkad7nO3ZDckFOaeHbwld3zbhOih9xvmQ/getUpdates "HTTP/1.1 200 OK"
2026-07-22 22:27:09,309 [INFO] httpx: HTTP Request: POST https://api.telegram.org/bot8906918185:AAEkad7nO3ZDckFOaeHbwld3zbhOih9xvmQ/getUpdates "HTTP/1.1 200 OK"
2026-07-22 22:27:19,575 [INFO] httpx: HTTP Request: POST https://api.telegram.org/bot8906918185:AAEkad7nO3ZDckFOaeHbwld3zbhOih9xvmQ/getUpdates "HTTP/1.1 200 OK"
2026-07-22 22:27:29,839 [INFO] httpx: HTTP Request: POST https://api.telegram.org/bot8906918185:AAEkad7nO3ZDckFOaeHbwld3zbhOih9xvmQ/getUpdates "HTTP/1.1 200 OK"
2026-07-22 22:27:40,605 [INFO] httpx: HTTP Request: POST https://api.telegram.org/bot8906918185:AAEkad7nO3ZDckFOaeHbwld3zbhOih9xvmQ/getUpdates "HTTP/1.1 200 OK"
2026-07-22 22:27:50,863 [INFO] httpx: HTTP Request: POST https://api.telegram.org/bot8906918185:AAEkad7nO3ZDckFOaeHbwld3zbhOih9xvmQ/getUpdates "HTTP/1.1 200 OK"
2026-07-22 22:28:01,135 [INFO] httpx: HTTP Request: POST https://api.telegram.org/bot8906918185:AAEkad7nO3ZDckFOaeHbwld3zbhOih9xvmQ/getUpdates "HTTP/1.1 200 OK"
2026-07-22 22:28:12,110 [INFO] httpx: HTTP Request: POST https://api.telegram.org/bot8906918185:AAEkad7nO3ZDckFOaeHbwld3zbhOih9xvmQ/getUpdates "HTTP/1.1 200 OK"
2026-07-22 22:28:22,369 [INFO] httpx: HTTP Request: POST https://api.telegram.org/bot8906918185:AAEkad7nO3ZDckFOaeHbwld3zbhOih9xvmQ/getUpdates "HTTP/1.1 200 OK"
2026-07-22 22:28:32,637 [INFO] httpx: HTTP Request: POST https://api.telegram.org/bot8906918185:AAEkad7nO3ZDckFOaeHbwld3zbhOih9xvmQ/getUpdates "HTTP/1.1 200 OK"
2026-07-22 22:28:42,961 [INFO] httpx: HTTP Request: POST https://api.telegram.org/bot8906918185:AAEkad7nO3ZDckFOaeHbwld3zbhOih9xvmQ/getUpdates "HTTP/1.1 200 OK"
2026-07-22 22:28:52,936 [INFO] httpx: HTTP Request: POST https://api.telegram.org/bot8906918185:AAEkad7nO3ZDckFOaeHbwld3zbhOih9xvmQ/getUpdates "HTTP/1.1 200 OK"
2026-07-22 22:28:54,918 [INFO] httpx: HTTP Request: POST https://api.telegram.org/bot8906918185:AAEkad7nO3ZDckFOaeHbwld3zbhOih9xvmQ/sendChatAction "HTTP/1.1 200 OK"
2026-07-22 22:28:55,388 [INFO] httpx: HTTP Request: POST https://api.telegram.org/bot8906918185:AAEkad7nO3ZDckFOaeHbwld3zbhOih9xvmQ/sendMessage "HTTP/1.1 200 OK"
2026-07-22 22:29:03,417 [INFO] httpx: HTTP Request: POST https://api.telegram.org/bot8906918185:AAEkad7nO3ZDckFOaeHbwld3zbhOih9xvmQ/getUpdates "HTTP/1.1 200 OK"
2026-07-22 22:29:05,540 [INFO] httpx: HTTP Request: POST https://api.telegram.org/bot8906918185:AAEkad7nO3ZDckFOaeHbwld3zbhOih9xvmQ/getUpdates "HTTP/1.1 200 OK"
2026-07-22 22:29:07,313 [INFO] httpx: HTTP Request: POST https://api.telegram.org/bot8906918185:AAEkad7nO3ZDckFOaeHbwld3zbhOih9xvmQ/sendChatAction "HTTP/1.1 200 OK"
2026-07-22 22:29:16,278 [INFO] httpx: HTTP Request: POST https://api.telegram.org/bot8906918185:AAEkad7nO3ZDckFOaeHbwld3zbhOih9xvmQ/getUpdates "HTTP/1.1 200 OK"
2026-07-22 22:29:22,489 [ERROR] AutoAIBot: User: 1095032560 | Action: POST /chat/ - Request Failed | ResponseTime: 15175.88ms | Error: 
2026-07-22 22:29:22,490 [ERROR] AutoAIBot: AI chat request failed: 
2026-07-22 22:29:24,069 [INFO] httpx: HTTP Request: POST https://api.telegram.org/bot8906918185:AAEkad7nO3ZDckFOaeHbwld3zbhOih9xvmQ/sendMessage "HTTP/1.1 200 OK"
2026-07-22 22:29:26,544 [INFO] httpx: HTTP Request: POST https://api.telegram.org/bot8906918185:AAEkad7nO3ZDckFOaeHbwld3zbhOih9xvmQ/getUpdates "HTTP/1.1 200 OK"
2026-07-22 22:29:27,956 [INFO] httpx: HTTP Request: POST https://api.telegram.org/bot8906918185:AAEkad7nO3ZDckFOaeHbwld3zbhOih9xvmQ/getUpdates "HTTP/1.1 200 OK"
2026-07-22 22:29:28,345 [INFO] httpx: HTTP Request: POST https://api.telegram.org/bot8906918185:AAEkad7nO3ZDckFOaeHbwld3zbhOih9xvmQ/sendChatAction "HTTP/1.1 200 OK"
2026-07-22 22:29:28,757 [INFO] httpx: HTTP Request: POST https://api.telegram.org/bot8906918185:AAEkad7nO3ZDckFOaeHbwld3zbhOih9xvmQ/sendMessage "HTTP/1.1 200 OK"
2026-07-22 22:29:37,782 [INFO] httpx: HTTP Request: POST https://api.telegram.org/bot8906918185:AAEkad7nO3ZDckFOaeHbwld3zbhOih9xvmQ/getUpdates "HTTP/1.1 200 OK"
2026-07-22 22:29:39,729 [INFO] httpx: HTTP Request: POST https://api.telegram.org/bot8906918185:AAEkad7nO3ZDckFOaeHbwld3zbhOih9xvmQ/sendChatAction "HTTP/1.1 200 OK"
2026-07-22 22:29:48,048 [INFO] httpx: HTTP Request: POST https://api.telegram.org/bot8906918185:AAEkad7nO3ZDckFOaeHbwld3zbhOih9xvmQ/getUpdates "HTTP/1.1 200 OK"
2026-07-22 22:29:54,900 [ERROR] AutoAIBot: User: 1095032560 | Action: POST /chat/ - Request Failed | ResponseTime: 15170.85ms | Error: 
2026-07-22 22:29:54,901 [ERROR] AutoAIBot: AI chat request failed: 
2026-07-22 22:29:55,949 [INFO] httpx: HTTP Request: POST https://api.telegram.org/bot8906918185:AAEkad7nO3ZDckFOaeHbwld3zbhOih9xvmQ/sendMessage "HTTP/1.1 200 OK"
2026-07-22 22:29:58,308 [INFO] httpx: HTTP Request: POST https://api.telegram.org/bot8906918185:AAEkad7nO3ZDckFOaeHbwld3zbhOih9xvmQ/getUpdates "HTTP/1.1 200 OK"
2026-07-22 22:30:08,801 [INFO] httpx: HTTP Request: POST https://api.telegram.org/bot8906918185:AAEkad7nO3ZDckFOaeHbwld3zbhOih9xvmQ/getUpdates "HTTP/1.1 200 OK"
2026-07-22 22:30:19,061 [INFO] httpx: HTTP Request: POST https://api.telegram.org/bot8906918185:AAEkad7nO3ZDckFOaeHbwld3zbhOih9xvmQ/getUpdates "HTTP/1.1 200 OK"
2026-07-22 22:30:29,321 [INFO] httpx: HTTP Request: POST https://api.telegram.org/bot8906918185:AAEkad7nO3ZDckFOaeHbwld3zbhOih9xvmQ/getUpdates "HTTP/1.1 200 OK"
2026-07-22 22:30:39,617 [INFO] httpx: HTTP Request: POST https://api.telegram.org/bot8906918185:AAEkad7nO3ZDckFOaeHbwld3zbhOih9xvmQ/getUpdates "HTTP/1.1 200 OK"
2026-07-22 22:30:49,880 [INFO] httpx: HTTP Request: POST https://api.telegram.org/bot8906918185:AAEkad7nO3ZDckFOaeHbwld3zbhOih9xvmQ/getUpdates "HTTP/1.1 200 OK"
2026-07-22 22:31:00,354 [INFO] httpx: HTTP Request: POST https://api.telegram.org/bot8906918185:AAEkad7nO3ZDckFOaeHbwld3zbhOih9xvmQ/getUpdates "HTTP/1.1 200 OK"
2026-07-22 22:31:10,876 [INFO] httpx: HTTP Request: POST https://api.telegram.org/bot8906918185:AAEkad7nO3ZDckFOaeHbwld3zbhOih9xvmQ/getUpdates "HTTP/1.1 200 OK"
2026-07-22 22:31:15,786 [INFO] httpx: HTTP Request: POST https://api.telegram.org/bot8906918185:AAEkad7nO3ZDckFOaeHbwld3zbhOih9xvmQ/getUpdates "HTTP/1.1 200 OK"
2026-07-22 22:31:17,017 [INFO] httpx: HTTP Request: POST https://api.telegram.org/bot8906918185:AAEkad7nO3ZDckFOaeHbwld3zbhOih9xvmQ/sendChatAction "HTTP/1.1 200 OK"
2026-07-22 22:31:17,365 [INFO] httpx: HTTP Request: POST http://127.0.0.1:8000/auth/register "HTTP/1.1 200 OK"
2026-07-22 22:31:17,365 [INFO] AutoAIBot: User: 6582739537 | Action: POST /auth/register - Status 200 | ResponseTime: 347.45ms
2026-07-22 22:31:17,705 [INFO] httpx: HTTP Request: POST http://127.0.0.1:8000/auth/login "HTTP/1.1 200 OK"
2026-07-22 22:31:17,706 [INFO] AutoAIBot: User: 6582739537 | Action: POST /auth/login - Status 200 | ResponseTime: 340.39ms
2026-07-22 22:31:18,177 [INFO] httpx: HTTP Request: POST https://api.telegram.org/bot8906918185:AAEkad7nO3ZDckFOaeHbwld3zbhOih9xvmQ/sendMessage "HTTP/1.1 200 OK"
2026-07-22 22:31:26,262 [INFO] httpx: HTTP Request: POST https://api.telegram.org/bot8906918185:AAEkad7nO3ZDckFOaeHbwld3zbhOih9xvmQ/getUpdates "HTTP/1.1 200 OK"
2026-07-22 22:31:31,464 [INFO] httpx: HTTP Request: POST https://api.telegram.org/bot8906918185:AAEkad7nO3ZDckFOaeHbwld3zbhOih9xvmQ/getUpdates "HTTP/1.1 200 OK"
2026-07-22 22:31:33,017 [INFO] httpx: HTTP Request: POST https://api.telegram.org/bot8906918185:AAEkad7nO3ZDckFOaeHbwld3zbhOih9xvmQ/sendChatAction "HTTP/1.1 200 OK"
2026-07-22 22:31:33,755 [INFO] httpx: HTTP Request: POST https://api.telegram.org/bot8906918185:AAEkad7nO3ZDckFOaeHbwld3zbhOih9xvmQ/sendMessage "HTTP/1.1 200 OK"
2026-07-22 22:31:41,722 [INFO] httpx: HTTP Request: POST https://api.telegram.org/bot8906918185:AAEkad7nO3ZDckFOaeHbwld3zbhOih9xvmQ/getUpdates "HTTP/1.1 200 OK"
2026-07-22 22:31:45,058 [INFO] httpx: HTTP Request: POST https://api.telegram.org/bot8906918185:AAEkad7nO3ZDckFOaeHbwld3zbhOih9xvmQ/getUpdates "HTTP/1.1 200 OK"
2026-07-22 22:31:46,211 [INFO] httpx: HTTP Request: POST https://api.telegram.org/bot8906918185:AAEkad7nO3ZDckFOaeHbwld3zbhOih9xvmQ/sendMessage "HTTP/1.1 200 OK"
2026-07-22 22:31:55,535 [INFO] httpx: HTTP Request: POST https://api.telegram.org/bot8906918185:AAEkad7nO3ZDckFOaeHbwld3zbhOih9xvmQ/getUpdates "HTTP/1.1 200 OK"
2026-07-22 22:32:05,809 [INFO] httpx: HTTP Request: POST https://api.telegram.org/bot8906918185:AAEkad7nO3ZDckFOaeHbwld3zbhOih9xvmQ/getUpdates "HTTP/1.1 200 OK"
2026-07-22 22:32:16,066 [INFO] httpx: HTTP Request: POST https://api.telegram.org/bot8906918185:AAEkad7nO3ZDckFOaeHbwld3zbhOih9xvmQ/getUpdates "HTTP/1.1 200 OK"
2026-07-22 22:32:16,453 [INFO] httpx: HTTP Request: POST https://api.telegram.org/bot8906918185:AAEkad7nO3ZDckFOaeHbwld3zbhOih9xvmQ/getUpdates "HTTP/1.1 200 OK"
2026-07-22 22:32:17,763 [INFO] httpx: HTTP Request: POST https://api.telegram.org/bot8906918185:AAEkad7nO3ZDckFOaeHbwld3zbhOih9xvmQ/answerCallbackQuery "HTTP/1.1 200 OK"
2026-07-22 22:32:18,179 [INFO] httpx: HTTP Request: POST https://api.telegram.org/bot8906918185:AAEkad7nO3ZDckFOaeHbwld3zbhOih9xvmQ/editMessageText "HTTP/1.1 200 OK"
2026-07-22 22:32:18,625 [INFO] httpx: HTTP Request: POST https://api.telegram.org/bot8906918185:AAEkad7nO3ZDckFOaeHbwld3zbhOih9xvmQ/sendMessage "HTTP/1.1 200 OK"
2026-07-22 22:32:22,234 [INFO] httpx: HTTP Request: POST https://api.telegram.org/bot8906918185:AAEkad7nO3ZDckFOaeHbwld3zbhOih9xvmQ/getUpdates "HTTP/1.1 200 OK"
2026-07-22 22:32:22,625 [INFO] httpx: HTTP Request: POST https://api.telegram.org/bot8906918185:AAEkad7nO3ZDckFOaeHbwld3zbhOih9xvmQ/answerCallbackQuery "HTTP/1.1 200 OK"
2026-07-22 22:32:23,341 [INFO] httpx: HTTP Request: POST https://api.telegram.org/bot8906918185:AAEkad7nO3ZDckFOaeHbwld3zbhOih9xvmQ/editMessageText "HTTP/1.1 200 OK"
2026-07-22 22:32:23,755 [INFO] httpx: HTTP Request: POST https://api.telegram.org/bot8906918185:AAEkad7nO3ZDckFOaeHbwld3zbhOih9xvmQ/sendMessage "HTTP/1.1 200 OK"
2026-07-22 22:32:32,713 [INFO] httpx: HTTP Request: POST https://api.telegram.org/bot8906918185:AAEkad7nO3ZDckFOaeHbwld3zbhOih9xvmQ/getUpdates "HTTP/1.1 200 OK"
2026-07-22 22:32:43,142 [INFO] httpx: HTTP Request: POST https://api.telegram.org/bot8906918185:AAEkad7nO3ZDckFOaeHbwld3zbhOih9xvmQ/getUpdates "HTTP/1.1 200 OK"
2026-07-22 22:32:53,762 [INFO] httpx: HTTP Request: POST https://api.telegram.org/bot8906918185:AAEkad7nO3ZDckFOaeHbwld3zbhOih9xvmQ/getUpdates "HTTP/1.1 200 OK"
2026-07-22 22:33:04,075 [INFO] httpx: HTTP Request: POST https://api.telegram.org/bot8906918185:AAEkad7nO3ZDckFOaeHbwld3zbhOih9xvmQ/getUpdates "HTTP/1.1 200 OK"
2026-07-22 22:33:04,672 [ERROR] AutoAIBot: Exception while handling an update:
Traceback (most recent call last):
  File "C:\Users\sanka\AppData\Local\Python\pythoncore-3.14-64\Lib\site-packages\httpx\_transports\default.py", line 101, in map_httpcore_exceptions
    yield
  File "C:\Users\sanka\AppData\Local\Python\pythoncore-3.14-64\Lib\site-packages\httpx\_transports\default.py", line 394, in handle_async_request
    resp = await self._pool.handle_async_request(req)
           ^^^^^^^^^^^^^^^^^^^^^^^^^^^^^^^^^^^^^^^^^^
  File "C:\Users\sanka\AppData\Local\Python\pythoncore-3.14-64\Lib\site-packages\httpcore\_async\connection_pool.py", line 256, in handle_async_request
    raise exc from None
  File "C:\Users\sanka\AppData\Local\Python\pythoncore-3.14-64\Lib\site-packages\httpcore\_async\connection_pool.py", line 236, in handle_async_request
    response = await connection.handle_async_request(
               ^^^^^^^^^^^^^^^^^^^^^^^^^^^^^^^^^^^^^^
        pool_request.request
        ^^^^^^^^^^^^^^^^^^^^
    )
    ^
  File "C:\Users\sanka\AppData\Local\Python\pythoncore-3.14-64\Lib\site-packages\httpcore\_async\connection.py", line 103, in handle_async_request
    return await self._connection.handle_async_request(request)
           ^^^^^^^^^^^^^^^^^^^^^^^^^^^^^^^^^^^^^^^^^^^^^^^^^^^^
  File "C:\Users\sanka\AppData\Local\Python\pythoncore-3.14-64\Lib\site-packages\httpcore\_async\http11.py", line 136, in handle_async_request
    raise exc
  File "C:\Users\sanka\AppData\Local\Python\pythoncore-3.14-64\Lib\site-packages\httpcore\_async\http11.py", line 106, in handle_async_request
    ) = await self._receive_response_headers(**kwargs)
        ^^^^^^^^^^^^^^^^^^^^^^^^^^^^^^^^^^^^^^^^^^^^^^
  File "C:\Users\sanka\AppData\Local\Python\pythoncore-3.14-64\Lib\site-packages\httpcore\_async\http11.py", line 177, in _receive_response_headers
    event = await self._receive_event(timeout=timeout)
            ^^^^^^^^^^^^^^^^^^^^^^^^^^^^^^^^^^^^^^^^^^
  File "C:\Users\sanka\AppData\Local\Python\pythoncore-3.14-64\Lib\site-packages\httpcore\_async\http11.py", line 217, in _receive_event
    data = await self._network_stream.read(
           ^^^^^^^^^^^^^^^^^^^^^^^^^^^^^^^^
        self.READ_NUM_BYTES, timeout=timeout
        ^^^^^^^^^^^^^^^^^^^^^^^^^^^^^^^^^^^^
    )
    ^
  File "C:\Users\sanka\AppData\Local\Python\pythoncore-3.14-64\Lib\site-packages\httpcore\_backends\anyio.py", line 32, in read
    with map_exceptions(exc_map):
         ~~~~~~~~~~~~~~^^^^^^^^^
  File "C:\Users\sanka\AppData\Local\Python\pythoncore-3.14-64\Lib\contextlib.py", line 162, in __exit__
    self.gen.throw(value)
    ~~~~~~~~~~~~~~^^^^^^^
  File "C:\Users\sanka\AppData\Local\Python\pythoncore-3.14-64\Lib\site-packages\httpcore\_exceptions.py", line 14, in map_exceptions
    raise to_exc(exc) from exc
httpcore.ReadError

The above exception was the direct cause of the following exception:

Traceback (most recent call last):
  File "C:\Users\sanka\AppData\Local\Python\pythoncore-3.14-64\Lib\site-packages\telegram\request\_httpxrequest.py", line 293, in do_request
    res = await self._client.request(
          ^^^^^^^^^^^^^^^^^^^^^^^^^^^
    ...<6 lines>...
    )
    ^
  File "C:\Users\sanka\AppData\Local\Python\pythoncore-3.14-64\Lib\site-packages\httpx\_client.py", line 1540, in request
    return await self.send(request, auth=auth, follow_redirects=follow_redirects)
           ^^^^^^^^^^^^^^^^^^^^^^^^^^^^^^^^^^^^^^^^^^^^^^^^^^^^^^^^^^^^^^^^^^^^^^
  File "C:\Users\sanka\AppData\Local\Python\pythoncore-3.14-64\Lib\site-packages\httpx\_client.py", line 1629, in send
    response = await self._send_handling_auth(
               ^^^^^^^^^^^^^^^^^^^^^^^^^^^^^^^
    ...<4 lines>...
    )
    ^
  File "C:\Users\sanka\AppData\Local\Python\pythoncore-3.14-64\Lib\site-packages\httpx\_client.py", line 1657, in _send_handling_auth
    response = await self._send_handling_redirects(
               ^^^^^^^^^^^^^^^^^^^^^^^^^^^^^^^^^^^^
    ...<3 lines>...
    )
    ^
  File "C:\Users\sanka\AppData\Local\Python\pythoncore-3.14-64\Lib\site-packages\httpx\_client.py", line 1694, in _send_handling_redirects
    response = await self._send_single_request(request)
               ^^^^^^^^^^^^^^^^^^^^^^^^^^^^^^^^^^^^^^^^
  File "C:\Users\sanka\AppData\Local\Python\pythoncore-3.14-64\Lib\site-packages\httpx\_client.py", line 1730, in _send_single_request
    response = await transport.handle_async_request(request)
               ^^^^^^^^^^^^^^^^^^^^^^^^^^^^^^^^^^^^^^^^^^^^^
  File "C:\Users\sanka\AppData\Local\Python\pythoncore-3.14-64\Lib\site-packages\httpx\_transports\default.py", line 393, in handle_async_request
    with map_httpcore_exceptions():
         ~~~~~~~~~~~~~~~~~~~~~~~^^
  File "C:\Users\sanka\AppData\Local\Python\pythoncore-3.14-64\Lib\contextlib.py", line 162, in __exit__
    self.gen.throw(value)
    ~~~~~~~~~~~~~~^^^^^^^
  File "C:\Users\sanka\AppData\Local\Python\pythoncore-3.14-64\Lib\site-packages\httpx\_transports\default.py", line 118, in map_httpcore_exceptions
    raise mapped_exc(message) from exc
httpx.ReadError

The above exception was the direct cause of the following exception:

Traceback (most recent call last):
  File "C:\Users\sanka\AppData\Local\Python\pythoncore-3.14-64\Lib\site-packages\telegram\ext\_updater.py", line 750, in _network_loop_retry
    if not await do_action():
           ^^^^^^^^^^^^^^^^^
  File "C:\Users\sanka\AppData\Local\Python\pythoncore-3.14-64\Lib\site-packages\telegram\ext\_updater.py", line 744, in do_action
    return action_cb_task.result()
           ~~~~~~~~~~~~~~~~~~~~~^^
  File "C:\Users\sanka\AppData\Local\Python\pythoncore-3.14-64\Lib\site-packages\telegram\ext\_updater.py", line 371, in polling_action_cb
    updates = await self.bot.get_updates(
              ^^^^^^^^^^^^^^^^^^^^^^^^^^^
    ...<7 lines>...
    )
    ^
  File "C:\Users\sanka\AppData\Local\Python\pythoncore-3.14-64\Lib\site-packages\telegram\ext\_extbot.py", line 650, in get_updates
    updates = await super().get_updates(
              ^^^^^^^^^^^^^^^^^^^^^^^^^^
    ...<9 lines>...
    )
    ^
  File "C:\Users\sanka\AppData\Local\Python\pythoncore-3.14-64\Lib\site-packages\telegram\_bot.py", line 4480, in get_updates
    await self._post(
    ^^^^^^^^^^^^^^^^^
    ...<7 lines>...
    ),
    ^
  File "C:\Users\sanka\AppData\Local\Python\pythoncore-3.14-64\Lib\site-packages\telegram\_bot.py", line 619, in _post
    return await self._do_post(
           ^^^^^^^^^^^^^^^^^^^^
    ...<6 lines>...
    )
    ^
  File "C:\Users\sanka\AppData\Local\Python\pythoncore-3.14-64\Lib\site-packages\telegram\ext\_extbot.py", line 354, in _do_post
    return await super()._do_post(
           ^^^^^^^^^^^^^^^^^^^^^^^
    ...<6 lines>...
    )
    ^
  File "C:\Users\sanka\AppData\Local\Python\pythoncore-3.14-64\Lib\site-packages\telegram\_bot.py", line 648, in _do_post
    result = await request.post(
             ^^^^^^^^^^^^^^^^^^^
    ...<6 lines>...
    )
    ^
  File "C:\Users\sanka\AppData\Local\Python\pythoncore-3.14-64\Lib\site-packages\telegram\request\_baserequest.py", line 202, in post
    result = await self._request_wrapper(
             ^^^^^^^^^^^^^^^^^^^^^^^^^^^^
    ...<7 lines>...
    )
    ^
  File "C:\Users\sanka\AppData\Local\Python\pythoncore-3.14-64\Lib\site-packages\telegram\request\_baserequest.py", line 334, in _request_wrapper
    code, payload = await self.do_request(
                    ^^^^^^^^^^^^^^^^^^^^^^
    ...<7 lines>...
    )
    ^
  File "C:\Users\sanka\AppData\Local\Python\pythoncore-3.14-64\Lib\site-packages\telegram\request\_httpxrequest.py", line 317, in do_request
    raise NetworkError(f"httpx.{err.__class__.__name__}: {err}") from err
telegram.error.NetworkError: httpx.ReadError: 
2026-07-22 22:33:05,698 [ERROR] AutoAIBot: Exception while handling an update:
Traceback (most recent call last):
  File "C:\Users\sanka\AppData\Local\Python\pythoncore-3.14-64\Lib\site-packages\httpx\_transports\default.py", line 101, in map_httpcore_exceptions
    yield
  File "C:\Users\sanka\AppData\Local\Python\pythoncore-3.14-64\Lib\site-packages\httpx\_transports\default.py", line 394, in handle_async_request
    resp = await self._pool.handle_async_request(req)
           ^^^^^^^^^^^^^^^^^^^^^^^^^^^^^^^^^^^^^^^^^^
  File "C:\Users\sanka\AppData\Local\Python\pythoncore-3.14-64\Lib\site-packages\httpcore\_async\connection_pool.py", line 256, in handle_async_request
    raise exc from None
  File "C:\Users\sanka\AppData\Local\Python\pythoncore-3.14-64\Lib\site-packages\httpcore\_async\connection_pool.py", line 236, in handle_async_request
    response = await connection.handle_async_request(
               ^^^^^^^^^^^^^^^^^^^^^^^^^^^^^^^^^^^^^^
        pool_request.request
        ^^^^^^^^^^^^^^^^^^^^
    )
    ^
  File "C:\Users\sanka\AppData\Local\Python\pythoncore-3.14-64\Lib\site-packages\httpcore\_async\connection.py", line 101, in handle_async_request
    raise exc
  File "C:\Users\sanka\AppData\Local\Python\pythoncore-3.14-64\Lib\site-packages\httpcore\_async\connection.py", line 78, in handle_async_request
    stream = await self._connect(request)
             ^^^^^^^^^^^^^^^^^^^^^^^^^^^^
  File "C:\Users\sanka\AppData\Local\Python\pythoncore-3.14-64\Lib\site-packages\httpcore\_async\connection.py", line 124, in _connect
    stream = await self._network_backend.connect_tcp(**kwargs)
             ^^^^^^^^^^^^^^^^^^^^^^^^^^^^^^^^^^^^^^^^^^^^^^^^^
  File "C:\Users\sanka\AppData\Local\Python\pythoncore-3.14-64\Lib\site-packages\httpcore\_backends\auto.py", line 31, in connect_tcp
    return await self._backend.connect_tcp(
           ^^^^^^^^^^^^^^^^^^^^^^^^^^^^^^^^
    ...<5 lines>...
    )
    ^
  File "C:\Users\sanka\AppData\Local\Python\pythoncore-3.14-64\Lib\site-packages\httpcore\_backends\anyio.py", line 113, in connect_tcp
    with map_exceptions(exc_map):
         ~~~~~~~~~~~~~~^^^^^^^^^
  File "C:\Users\sanka\AppData\Local\Python\pythoncore-3.14-64\Lib\contextlib.py", line 162, in __exit__
    self.gen.throw(value)
    ~~~~~~~~~~~~~~^^^^^^^
  File "C:\Users\sanka\AppData\Local\Python\pythoncore-3.14-64\Lib\site-packages\httpcore\_exceptions.py", line 14, in map_exceptions
    raise to_exc(exc) from exc
httpcore.ConnectError: [Errno 11001] getaddrinfo failed

The above exception was the direct cause of the following exception:

Traceback (most recent call last):
  File "C:\Users\sanka\AppData\Local\Python\pythoncore-3.14-64\Lib\site-packages\telegram\request\_httpxrequest.py", line 293, in do_request
    res = await self._client.request(
          ^^^^^^^^^^^^^^^^^^^^^^^^^^^
    ...<6 lines>...
    )
    ^
  File "C:\Users\sanka\AppData\Local\Python\pythoncore-3.14-64\Lib\site-packages\httpx\_client.py", line 1540, in request
    return await self.send(request, auth=auth, follow_redirects=follow_redirects)
           ^^^^^^^^^^^^^^^^^^^^^^^^^^^^^^^^^^^^^^^^^^^^^^^^^^^^^^^^^^^^^^^^^^^^^^
  File "C:\Users\sanka\AppData\Local\Python\pythoncore-3.14-64\Lib\site-packages\httpx\_client.py", line 1629, in send
    response = await self._send_handling_auth(
               ^^^^^^^^^^^^^^^^^^^^^^^^^^^^^^^
    ...<4 lines>...
    )
    ^
  File "C:\Users\sanka\AppData\Local\Python\pythoncore-3.14-64\Lib\site-packages\httpx\_client.py", line 1657, in _send_handling_auth
    response = await self._send_handling_redirects(
               ^^^^^^^^^^^^^^^^^^^^^^^^^^^^^^^^^^^^
    ...<3 lines>...
    )
    ^
  File "C:\Users\sanka\AppData\Local\Python\pythoncore-3.14-64\Lib\site-packages\httpx\_client.py", line 1694, in _send_handling_redirects
    response = await self._send_single_request(request)
               ^^^^^^^^^^^^^^^^^^^^^^^^^^^^^^^^^^^^^^^^
  File "C:\Users\sanka\AppData\Local\Python\pythoncore-3.14-64\Lib\site-packages\httpx\_client.py", line 1730, in _send_single_request
    response = await transport.handle_async_request(request)
               ^^^^^^^^^^^^^^^^^^^^^^^^^^^^^^^^^^^^^^^^^^^^^
  File "C:\Users\sanka\AppData\Local\Python\pythoncore-3.14-64\Lib\site-packages\httpx\_transports\default.py", line 393, in handle_async_request
    with map_httpcore_exceptions():
         ~~~~~~~~~~~~~~~~~~~~~~~^^
  File "C:\Users\sanka\AppData\Local\Python\pythoncore-3.14-64\Lib\contextlib.py", line 162, in __exit__
    self.gen.throw(value)
    ~~~~~~~~~~~~~~^^^^^^^
  File "C:\Users\sanka\AppData\Local\Python\pythoncore-3.14-64\Lib\site-packages\httpx\_transports\default.py", line 118, in map_httpcore_exceptions
    raise mapped_exc(message) from exc
httpx.ConnectError: [Errno 11001] getaddrinfo failed

The above exception was the direct cause of the following exception:

Traceback (most recent call last):
  File "C:\Users\sanka\AppData\Local\Python\pythoncore-3.14-64\Lib\site-packages\telegram\ext\_updater.py", line 750, in _network_loop_retry
    if not await do_action():
           ^^^^^^^^^^^^^^^^^
  File "C:\Users\sanka\AppData\Local\Python\pythoncore-3.14-64\Lib\site-packages\telegram\ext\_updater.py", line 744, in do_action
    return action_cb_task.result()
           ~~~~~~~~~~~~~~~~~~~~~^^
  File "C:\Users\sanka\AppData\Local\Python\pythoncore-3.14-64\Lib\site-packages\telegram\ext\_updater.py", line 371, in polling_action_cb
    updates = await self.bot.get_updates(
              ^^^^^^^^^^^^^^^^^^^^^^^^^^^
    ...<7 lines>...
    )
    ^
  File "C:\Users\sanka\AppData\Local\Python\pythoncore-3.14-64\Lib\site-packages\telegram\ext\_extbot.py", line 650, in get_updates
    updates = await super().get_updates(
              ^^^^^^^^^^^^^^^^^^^^^^^^^^
    ...<9 lines>...
    )
    ^
  File "C:\Users\sanka\AppData\Local\Python\pythoncore-3.14-64\Lib\site-packages\telegram\_bot.py", line 4480, in get_updates
    await self._post(
    ^^^^^^^^^^^^^^^^^
    ...<7 lines>...
    ),
    ^
  File "C:\Users\sanka\AppData\Local\Python\pythoncore-3.14-64\Lib\site-packages\telegram\_bot.py", line 619, in _post
    return await self._do_post(
           ^^^^^^^^^^^^^^^^^^^^
    ...<6 lines>...
    )
    ^
  File "C:\Users\sanka\AppData\Local\Python\pythoncore-3.14-64\Lib\site-packages\telegram\ext\_extbot.py", line 354, in _do_post
    return await super()._do_post(
           ^^^^^^^^^^^^^^^^^^^^^^^
    ...<6 lines>...
    )
    ^
  File "C:\Users\sanka\AppData\Local\Python\pythoncore-3.14-64\Lib\site-packages\telegram\_bot.py", line 648, in _do_post
    result = await request.post(
             ^^^^^^^^^^^^^^^^^^^
    ...<6 lines>...
    )
    ^
  File "C:\Users\sanka\AppData\Local\Python\pythoncore-3.14-64\Lib\site-packages\telegram\request\_baserequest.py", line 202, in post
    result = await self._request_wrapper(
             ^^^^^^^^^^^^^^^^^^^^^^^^^^^^
    ...<7 lines>...
    )
    ^
  File "C:\Users\sanka\AppData\Local\Python\pythoncore-3.14-64\Lib\site-packages\telegram\request\_baserequest.py", line 334, in _request_wrapper
    code, payload = await self.do_request(
                    ^^^^^^^^^^^^^^^^^^^^^^
    ...<7 lines>...
    )
    ^
  File "C:\Users\sanka\AppData\Local\Python\pythoncore-3.14-64\Lib\site-packages\telegram\request\_httpxrequest.py", line 317, in do_request
    raise NetworkError(f"httpx.{err.__class__.__name__}: {err}") from err
telegram.error.NetworkError: httpx.ConnectError: [Errno 11001] getaddrinfo failed
2026-07-22 22:33:07,207 [ERROR] AutoAIBot: Exception while handling an update:
Traceback (most recent call last):
  File "C:\Users\sanka\AppData\Local\Python\pythoncore-3.14-64\Lib\site-packages\httpx\_transports\default.py", line 101, in map_httpcore_exceptions
    yield
  File "C:\Users\sanka\AppData\Local\Python\pythoncore-3.14-64\Lib\site-packages\httpx\_transports\default.py", line 394, in handle_async_request
    resp = await self._pool.handle_async_request(req)
           ^^^^^^^^^^^^^^^^^^^^^^^^^^^^^^^^^^^^^^^^^^
  File "C:\Users\sanka\AppData\Local\Python\pythoncore-3.14-64\Lib\site-packages\httpcore\_async\connection_pool.py", line 256, in handle_async_request
    raise exc from None
  File "C:\Users\sanka\AppData\Local\Python\pythoncore-3.14-64\Lib\site-packages\httpcore\_async\connection_pool.py", line 236, in handle_async_request
    response = await connection.handle_async_request(
               ^^^^^^^^^^^^^^^^^^^^^^^^^^^^^^^^^^^^^^
        pool_request.request
        ^^^^^^^^^^^^^^^^^^^^
    )
    ^
  File "C:\Users\sanka\AppData\Local\Python\pythoncore-3.14-64\Lib\site-packages\httpcore\_async\connection.py", line 101, in handle_async_request
    raise exc
  File "C:\Users\sanka\AppData\Local\Python\pythoncore-3.14-64\Lib\site-packages\httpcore\_async\connection.py", line 78, in handle_async_request
    stream = await self._connect(request)
             ^^^^^^^^^^^^^^^^^^^^^^^^^^^^
  File "C:\Users\sanka\AppData\Local\Python\pythoncore-3.14-64\Lib\site-packages\httpcore\_async\connection.py", line 124, in _connect
    stream = await self._network_backend.connect_tcp(**kwargs)
             ^^^^^^^^^^^^^^^^^^^^^^^^^^^^^^^^^^^^^^^^^^^^^^^^^
  File "C:\Users\sanka\AppData\Local\Python\pythoncore-3.14-64\Lib\site-packages\httpcore\_backends\auto.py", line 31, in connect_tcp
    return await self._backend.connect_tcp(
           ^^^^^^^^^^^^^^^^^^^^^^^^^^^^^^^^
    ...<5 lines>...
    )
    ^
  File "C:\Users\sanka\AppData\Local\Python\pythoncore-3.14-64\Lib\site-packages\httpcore\_backends\anyio.py", line 113, in connect_tcp
    with map_exceptions(exc_map):
         ~~~~~~~~~~~~~~^^^^^^^^^
  File "C:\Users\sanka\AppData\Local\Python\pythoncore-3.14-64\Lib\contextlib.py", line 162, in __exit__
    self.gen.throw(value)
    ~~~~~~~~~~~~~~^^^^^^^
  File "C:\Users\sanka\AppData\Local\Python\pythoncore-3.14-64\Lib\site-packages\httpcore\_exceptions.py", line 14, in map_exceptions
    raise to_exc(exc) from exc
httpcore.ConnectError: [Errno 11001] getaddrinfo failed

The above exception was the direct cause of the following exception:

Traceback (most recent call last):
  File "C:\Users\sanka\AppData\Local\Python\pythoncore-3.14-64\Lib\site-packages\telegram\request\_httpxrequest.py", line 293, in do_request
    res = await self._client.request(
          ^^^^^^^^^^^^^^^^^^^^^^^^^^^
    ...<6 lines>...
    )
    ^
  File "C:\Users\sanka\AppData\Local\Python\pythoncore-3.14-64\Lib\site-packages\httpx\_client.py", line 1540, in request
    return await self.send(request, auth=auth, follow_redirects=follow_redirects)
           ^^^^^^^^^^^^^^^^^^^^^^^^^^^^^^^^^^^^^^^^^^^^^^^^^^^^^^^^^^^^^^^^^^^^^^
  File "C:\Users\sanka\AppData\Local\Python\pythoncore-3.14-64\Lib\site-packages\httpx\_client.py", line 1629, in send
    response = await self._send_handling_auth(
               ^^^^^^^^^^^^^^^^^^^^^^^^^^^^^^^
    ...<4 lines>...
    )
    ^
  File "C:\Users\sanka\AppData\Local\Python\pythoncore-3.14-64\Lib\site-packages\httpx\_client.py", line 1657, in _send_handling_auth
    response = await self._send_handling_redirects(
               ^^^^^^^^^^^^^^^^^^^^^^^^^^^^^^^^^^^^
    ...<3 lines>...
    )
    ^
  File "C:\Users\sanka\AppData\Local\Python\pythoncore-3.14-64\Lib\site-packages\httpx\_client.py", line 1694, in _send_handling_redirects
    response = await self._send_single_request(request)
               ^^^^^^^^^^^^^^^^^^^^^^^^^^^^^^^^^^^^^^^^
  File "C:\Users\sanka\AppData\Local\Python\pythoncore-3.14-64\Lib\site-packages\httpx\_client.py", line 1730, in _send_single_request
    response = await transport.handle_async_request(request)
               ^^^^^^^^^^^^^^^^^^^^^^^^^^^^^^^^^^^^^^^^^^^^^
  File "C:\Users\sanka\AppData\Local\Python\pythoncore-3.14-64\Lib\site-packages\httpx\_transports\default.py", line 393, in handle_async_request
    with map_httpcore_exceptions():
         ~~~~~~~~~~~~~~~~~~~~~~~^^
  File "C:\Users\sanka\AppData\Local\Python\pythoncore-3.14-64\Lib\contextlib.py", line 162, in __exit__
    self.gen.throw(value)
    ~~~~~~~~~~~~~~^^^^^^^
  File "C:\Users\sanka\AppData\Local\Python\pythoncore-3.14-64\Lib\site-packages\httpx\_transports\default.py", line 118, in map_httpcore_exceptions
    raise mapped_exc(message) from exc
httpx.ConnectError: [Errno 11001] getaddrinfo failed

The above exception was the direct cause of the following exception:

Traceback (most recent call last):
  File "C:\Users\sanka\AppData\Local\Python\pythoncore-3.14-64\Lib\site-packages\telegram\ext\_updater.py", line 750, in _network_loop_retry
    if not await do_action():
           ^^^^^^^^^^^^^^^^^
  File "C:\Users\sanka\AppData\Local\Python\pythoncore-3.14-64\Lib\site-packages\telegram\ext\_updater.py", line 744, in do_action
    return action_cb_task.result()
           ~~~~~~~~~~~~~~~~~~~~~^^
  File "C:\Users\sanka\AppData\Local\Python\pythoncore-3.14-64\Lib\site-packages\telegram\ext\_updater.py", line 371, in polling_action_cb
    updates = await self.bot.get_updates(
              ^^^^^^^^^^^^^^^^^^^^^^^^^^^
    ...<7 lines>...
    )
    ^
  File "C:\Users\sanka\AppData\Local\Python\pythoncore-3.14-64\Lib\site-packages\telegram\ext\_extbot.py", line 650, in get_updates
    updates = await super().get_updates(
              ^^^^^^^^^^^^^^^^^^^^^^^^^^
    ...<9 lines>...
    )
    ^
  File "C:\Users\sanka\AppData\Local\Python\pythoncore-3.14-64\Lib\site-packages\telegram\_bot.py", line 4480, in get_updates
    await self._post(
    ^^^^^^^^^^^^^^^^^
    ...<7 lines>...
    ),
    ^
  File "C:\Users\sanka\AppData\Local\Python\pythoncore-3.14-64\Lib\site-packages\telegram\_bot.py", line 619, in _post
    return await self._do_post(
           ^^^^^^^^^^^^^^^^^^^^
    ...<6 lines>...
    )
    ^
  File "C:\Users\sanka\AppData\Local\Python\pythoncore-3.14-64\Lib\site-packages\telegram\ext\_extbot.py", line 354, in _do_post
    return await super()._do_post(
           ^^^^^^^^^^^^^^^^^^^^^^^
    ...<6 lines>...
    )
    ^
  File "C:\Users\sanka\AppData\Local\Python\pythoncore-3.14-64\Lib\site-packages\telegram\_bot.py", line 648, in _do_post
    result = await request.post(
             ^^^^^^^^^^^^^^^^^^^
    ...<6 lines>...
    )
    ^
  File "C:\Users\sanka\AppData\Local\Python\pythoncore-3.14-64\Lib\site-packages\telegram\request\_baserequest.py", line 202, in post
    result = await self._request_wrapper(
             ^^^^^^^^^^^^^^^^^^^^^^^^^^^^
    ...<7 lines>...
    )
    ^
  File "C:\Users\sanka\AppData\Local\Python\pythoncore-3.14-64\Lib\site-packages\telegram\request\_baserequest.py", line 334, in _request_wrapper
    code, payload = await self.do_request(
                    ^^^^^^^^^^^^^^^^^^^^^^
    ...<7 lines>...
    )
    ^
  File "C:\Users\sanka\AppData\Local\Python\pythoncore-3.14-64\Lib\site-packages\telegram\request\_httpxrequest.py", line 317, in do_request
    raise NetworkError(f"httpx.{err.__class__.__name__}: {err}") from err
telegram.error.NetworkError: httpx.ConnectError: [Errno 11001] getaddrinfo failed
2026-07-22 22:33:09,463 [ERROR] AutoAIBot: Exception while handling an update:
Traceback (most recent call last):
  File "C:\Users\sanka\AppData\Local\Python\pythoncore-3.14-64\Lib\site-packages\httpx\_transports\default.py", line 101, in map_httpcore_exceptions
    yield
  File "C:\Users\sanka\AppData\Local\Python\pythoncore-3.14-64\Lib\site-packages\httpx\_transports\default.py", line 394, in handle_async_request
    resp = await self._pool.handle_async_request(req)
           ^^^^^^^^^^^^^^^^^^^^^^^^^^^^^^^^^^^^^^^^^^
  File "C:\Users\sanka\AppData\Local\Python\pythoncore-3.14-64\Lib\site-packages\httpcore\_async\connection_pool.py", line 256, in handle_async_request
    raise exc from None
  File "C:\Users\sanka\AppData\Local\Python\pythoncore-3.14-64\Lib\site-packages\httpcore\_async\connection_pool.py", line 236, in handle_async_request
    response = await connection.handle_async_request(
               ^^^^^^^^^^^^^^^^^^^^^^^^^^^^^^^^^^^^^^
        pool_request.request
        ^^^^^^^^^^^^^^^^^^^^
    )
    ^
  File "C:\Users\sanka\AppData\Local\Python\pythoncore-3.14-64\Lib\site-packages\httpcore\_async\connection.py", line 101, in handle_async_request
    raise exc
  File "C:\Users\sanka\AppData\Local\Python\pythoncore-3.14-64\Lib\site-packages\httpcore\_async\connection.py", line 78, in handle_async_request
    stream = await self._connect(request)
             ^^^^^^^^^^^^^^^^^^^^^^^^^^^^
  File "C:\Users\sanka\AppData\Local\Python\pythoncore-3.14-64\Lib\site-packages\httpcore\_async\connection.py", line 124, in _connect
    stream = await self._network_backend.connect_tcp(**kwargs)
             ^^^^^^^^^^^^^^^^^^^^^^^^^^^^^^^^^^^^^^^^^^^^^^^^^
  File "C:\Users\sanka\AppData\Local\Python\pythoncore-3.14-64\Lib\site-packages\httpcore\_backends\auto.py", line 31, in connect_tcp
    return await self._backend.connect_tcp(
           ^^^^^^^^^^^^^^^^^^^^^^^^^^^^^^^^
    ...<5 lines>...
    )
    ^
  File "C:\Users\sanka\AppData\Local\Python\pythoncore-3.14-64\Lib\site-packages\httpcore\_backends\anyio.py", line 113, in connect_tcp
    with map_exceptions(exc_map):
         ~~~~~~~~~~~~~~^^^^^^^^^
  File "C:\Users\sanka\AppData\Local\Python\pythoncore-3.14-64\Lib\contextlib.py", line 162, in __exit__
    self.gen.throw(value)
    ~~~~~~~~~~~~~~^^^^^^^
  File "C:\Users\sanka\AppData\Local\Python\pythoncore-3.14-64\Lib\site-packages\httpcore\_exceptions.py", line 14, in map_exceptions
    raise to_exc(exc) from exc
httpcore.ConnectError: [Errno 11001] getaddrinfo failed

The above exception was the direct cause of the following exception:

Traceback (most recent call last):
  File "C:\Users\sanka\AppData\Local\Python\pythoncore-3.14-64\Lib\site-packages\telegram\request\_httpxrequest.py", line 293, in do_request
    res = await self._client.request(
          ^^^^^^^^^^^^^^^^^^^^^^^^^^^
    ...<6 lines>...
    )
    ^
  File "C:\Users\sanka\AppData\Local\Python\pythoncore-3.14-64\Lib\site-packages\httpx\_client.py", line 1540, in request
    return await self.send(request, auth=auth, follow_redirects=follow_redirects)
           ^^^^^^^^^^^^^^^^^^^^^^^^^^^^^^^^^^^^^^^^^^^^^^^^^^^^^^^^^^^^^^^^^^^^^^
  File "C:\Users\sanka\AppData\Local\Python\pythoncore-3.14-64\Lib\site-packages\httpx\_client.py", line 1629, in send
    response = await self._send_handling_auth(
               ^^^^^^^^^^^^^^^^^^^^^^^^^^^^^^^
    ...<4 lines>...
    )
    ^
  File "C:\Users\sanka\AppData\Local\Python\pythoncore-3.14-64\Lib\site-packages\httpx\_client.py", line 1657, in _send_handling_auth
    response = await self._send_handling_redirects(
               ^^^^^^^^^^^^^^^^^^^^^^^^^^^^^^^^^^^^
    ...<3 lines>...
    )
    ^
  File "C:\Users\sanka\AppData\Local\Python\pythoncore-3.14-64\Lib\site-packages\httpx\_client.py", line 1694, in _send_handling_redirects
    response = await self._send_single_request(request)
               ^^^^^^^^^^^^^^^^^^^^^^^^^^^^^^^^^^^^^^^^
  File "C:\Users\sanka\AppData\Local\Python\pythoncore-3.14-64\Lib\site-packages\httpx\_client.py", line 1730, in _send_single_request
    response = await transport.handle_async_request(request)
               ^^^^^^^^^^^^^^^^^^^^^^^^^^^^^^^^^^^^^^^^^^^^^
  File "C:\Users\sanka\AppData\Local\Python\pythoncore-3.14-64\Lib\site-packages\httpx\_transports\default.py", line 393, in handle_async_request
    with map_httpcore_exceptions():
         ~~~~~~~~~~~~~~~~~~~~~~~^^
  File "C:\Users\sanka\AppData\Local\Python\pythoncore-3.14-64\Lib\contextlib.py", line 162, in __exit__
    self.gen.throw(value)
    ~~~~~~~~~~~~~~^^^^^^^
  File "C:\Users\sanka\AppData\Local\Python\pythoncore-3.14-64\Lib\site-packages\httpx\_transports\default.py", line 118, in map_httpcore_exceptions
    raise mapped_exc(message) from exc
httpx.ConnectError: [Errno 11001] getaddrinfo failed

The above exception was the direct cause of the following exception:

Traceback (most recent call last):
  File "C:\Users\sanka\AppData\Local\Python\pythoncore-3.14-64\Lib\site-packages\telegram\ext\_updater.py", line 750, in _network_loop_retry
    if not await do_action():
           ^^^^^^^^^^^^^^^^^
  File "C:\Users\sanka\AppData\Local\Python\pythoncore-3.14-64\Lib\site-packages\telegram\ext\_updater.py", line 744, in do_action
    return action_cb_task.result()
           ~~~~~~~~~~~~~~~~~~~~~^^
  File "C:\Users\sanka\AppData\Local\Python\pythoncore-3.14-64\Lib\site-packages\telegram\ext\_updater.py", line 371, in polling_action_cb
    updates = await self.bot.get_updates(
              ^^^^^^^^^^^^^^^^^^^^^^^^^^^
    ...<7 lines>...
    )
    ^
  File "C:\Users\sanka\AppData\Local\Python\pythoncore-3.14-64\Lib\site-packages\telegram\ext\_extbot.py", line 650, in get_updates
    updates = await super().get_updates(
              ^^^^^^^^^^^^^^^^^^^^^^^^^^
    ...<9 lines>...
    )
    ^
  File "C:\Users\sanka\AppData\Local\Python\pythoncore-3.14-64\Lib\site-packages\telegram\_bot.py", line 4480, in get_updates
    await self._post(
    ^^^^^^^^^^^^^^^^^
    ...<7 lines>...
    ),
    ^
  File "C:\Users\sanka\AppData\Local\Python\pythoncore-3.14-64\Lib\site-packages\telegram\_bot.py", line 619, in _post
    return await self._do_post(
           ^^^^^^^^^^^^^^^^^^^^
    ...<6 lines>...
    )
    ^
  File "C:\Users\sanka\AppData\Local\Python\pythoncore-3.14-64\Lib\site-packages\telegram\ext\_extbot.py", line 354, in _do_post
    return await super()._do_post(
           ^^^^^^^^^^^^^^^^^^^^^^^
    ...<6 lines>...
    )
    ^
  File "C:\Users\sanka\AppData\Local\Python\pythoncore-3.14-64\Lib\site-packages\telegram\_bot.py", line 648, in _do_post
    result = await request.post(
             ^^^^^^^^^^^^^^^^^^^
    ...<6 lines>...
    )
    ^
  File "C:\Users\sanka\AppData\Local\Python\pythoncore-3.14-64\Lib\site-packages\telegram\request\_baserequest.py", line 202, in post
    result = await self._request_wrapper(
             ^^^^^^^^^^^^^^^^^^^^^^^^^^^^
    ...<7 lines>...
    )
    ^
  File "C:\Users\sanka\AppData\Local\Python\pythoncore-3.14-64\Lib\site-packages\telegram\request\_baserequest.py", line 334, in _request_wrapper
    code, payload = await self.do_request(
                    ^^^^^^^^^^^^^^^^^^^^^^
    ...<7 lines>...
    )
    ^
  File "C:\Users\sanka\AppData\Local\Python\pythoncore-3.14-64\Lib\site-packages\telegram\request\_httpxrequest.py", line 317, in do_request
    raise NetworkError(f"httpx.{err.__class__.__name__}: {err}") from err
telegram.error.NetworkError: httpx.ConnectError: [Errno 11001] getaddrinfo failed
2026-07-22 22:33:12,852 [ERROR] AutoAIBot: Exception while handling an update:
Traceback (most recent call last):
  File "C:\Users\sanka\AppData\Local\Python\pythoncore-3.14-64\Lib\site-packages\httpx\_transports\default.py", line 101, in map_httpcore_exceptions
    yield
  File "C:\Users\sanka\AppData\Local\Python\pythoncore-3.14-64\Lib\site-packages\httpx\_transports\default.py", line 394, in handle_async_request
    resp = await self._pool.handle_async_request(req)
           ^^^^^^^^^^^^^^^^^^^^^^^^^^^^^^^^^^^^^^^^^^
  File "C:\Users\sanka\AppData\Local\Python\pythoncore-3.14-64\Lib\site-packages\httpcore\_async\connection_pool.py", line 256, in handle_async_request
    raise exc from None
  File "C:\Users\sanka\AppData\Local\Python\pythoncore-3.14-64\Lib\site-packages\httpcore\_async\connection_pool.py", line 236, in handle_async_request
    response = await connection.handle_async_request(
               ^^^^^^^^^^^^^^^^^^^^^^^^^^^^^^^^^^^^^^
        pool_request.request
        ^^^^^^^^^^^^^^^^^^^^
    )
    ^
  File "C:\Users\sanka\AppData\Local\Python\pythoncore-3.14-64\Lib\site-packages\httpcore\_async\connection.py", line 101, in handle_async_request
    raise exc
  File "C:\Users\sanka\AppData\Local\Python\pythoncore-3.14-64\Lib\site-packages\httpcore\_async\connection.py", line 78, in handle_async_request
    stream = await self._connect(request)
             ^^^^^^^^^^^^^^^^^^^^^^^^^^^^
  File "C:\Users\sanka\AppData\Local\Python\pythoncore-3.14-64\Lib\site-packages\httpcore\_async\connection.py", line 124, in _connect
    stream = await self._network_backend.connect_tcp(**kwargs)
             ^^^^^^^^^^^^^^^^^^^^^^^^^^^^^^^^^^^^^^^^^^^^^^^^^
  File "C:\Users\sanka\AppData\Local\Python\pythoncore-3.14-64\Lib\site-packages\httpcore\_backends\auto.py", line 31, in connect_tcp
    return await self._backend.connect_tcp(
           ^^^^^^^^^^^^^^^^^^^^^^^^^^^^^^^^
    ...<5 lines>...
    )
    ^
  File "C:\Users\sanka\AppData\Local\Python\pythoncore-3.14-64\Lib\site-packages\httpcore\_backends\anyio.py", line 113, in connect_tcp
    with map_exceptions(exc_map):
         ~~~~~~~~~~~~~~^^^^^^^^^
  File "C:\Users\sanka\AppData\Local\Python\pythoncore-3.14-64\Lib\contextlib.py", line 162, in __exit__
    self.gen.throw(value)
    ~~~~~~~~~~~~~~^^^^^^^
  File "C:\Users\sanka\AppData\Local\Python\pythoncore-3.14-64\Lib\site-packages\httpcore\_exceptions.py", line 14, in map_exceptions
    raise to_exc(exc) from exc
httpcore.ConnectError: [Errno 11001] getaddrinfo failed

The above exception was the direct cause of the following exception:

Traceback (most recent call last):
  File "C:\Users\sanka\AppData\Local\Python\pythoncore-3.14-64\Lib\site-packages\telegram\request\_httpxrequest.py", line 293, in do_request
    res = await self._client.request(
          ^^^^^^^^^^^^^^^^^^^^^^^^^^^
    ...<6 lines>...
    )
    ^
  File "C:\Users\sanka\AppData\Local\Python\pythoncore-3.14-64\Lib\site-packages\httpx\_client.py", line 1540, in request
    return await self.send(request, auth=auth, follow_redirects=follow_redirects)
           ^^^^^^^^^^^^^^^^^^^^^^^^^^^^^^^^^^^^^^^^^^^^^^^^^^^^^^^^^^^^^^^^^^^^^^
  File "C:\Users\sanka\AppData\Local\Python\pythoncore-3.14-64\Lib\site-packages\httpx\_client.py", line 1629, in send
    response = await self._send_handling_auth(
               ^^^^^^^^^^^^^^^^^^^^^^^^^^^^^^^
    ...<4 lines>...
    )
    ^
  File "C:\Users\sanka\AppData\Local\Python\pythoncore-3.14-64\Lib\site-packages\httpx\_client.py", line 1657, in _send_handling_auth
    response = await self._send_handling_redirects(
               ^^^^^^^^^^^^^^^^^^^^^^^^^^^^^^^^^^^^
    ...<3 lines>...
    )
    ^
  File "C:\Users\sanka\AppData\Local\Python\pythoncore-3.14-64\Lib\site-packages\httpx\_client.py", line 1694, in _send_handling_redirects
    response = await self._send_single_request(request)
               ^^^^^^^^^^^^^^^^^^^^^^^^^^^^^^^^^^^^^^^^
  File "C:\Users\sanka\AppData\Local\Python\pythoncore-3.14-64\Lib\site-packages\httpx\_client.py", line 1730, in _send_single_request
    response = await transport.handle_async_request(request)
               ^^^^^^^^^^^^^^^^^^^^^^^^^^^^^^^^^^^^^^^^^^^^^
  File "C:\Users\sanka\AppData\Local\Python\pythoncore-3.14-64\Lib\site-packages\httpx\_transports\default.py", line 393, in handle_async_request
    with map_httpcore_exceptions():
         ~~~~~~~~~~~~~~~~~~~~~~~^^
  File "C:\Users\sanka\AppData\Local\Python\pythoncore-3.14-64\Lib\contextlib.py", line 162, in __exit__
    self.gen.throw(value)
    ~~~~~~~~~~~~~~^^^^^^^
  File "C:\Users\sanka\AppData\Local\Python\pythoncore-3.14-64\Lib\site-packages\httpx\_transports\default.py", line 118, in map_httpcore_exceptions
    raise mapped_exc(message) from exc
httpx.ConnectError: [Errno 11001] getaddrinfo failed

The above exception was the direct cause of the following exception:

Traceback (most recent call last):
  File "C:\Users\sanka\AppData\Local\Python\pythoncore-3.14-64\Lib\site-packages\telegram\ext\_updater.py", line 750, in _network_loop_retry
    if not await do_action():
           ^^^^^^^^^^^^^^^^^
  File "C:\Users\sanka\AppData\Local\Python\pythoncore-3.14-64\Lib\site-packages\telegram\ext\_updater.py", line 744, in do_action
    return action_cb_task.result()
           ~~~~~~~~~~~~~~~~~~~~~^^
  File "C:\Users\sanka\AppData\Local\Python\pythoncore-3.14-64\Lib\site-packages\telegram\ext\_updater.py", line 371, in polling_action_cb
    updates = await self.bot.get_updates(
              ^^^^^^^^^^^^^^^^^^^^^^^^^^^
    ...<7 lines>...
    )
    ^
  File "C:\Users\sanka\AppData\Local\Python\pythoncore-3.14-64\Lib\site-packages\telegram\ext\_extbot.py", line 650, in get_updates
    updates = await super().get_updates(
              ^^^^^^^^^^^^^^^^^^^^^^^^^^
    ...<9 lines>...
    )
    ^
  File "C:\Users\sanka\AppData\Local\Python\pythoncore-3.14-64\Lib\site-packages\telegram\_bot.py", line 4480, in get_updates
    await self._post(
    ^^^^^^^^^^^^^^^^^
    ...<7 lines>...
    ),
    ^
  File "C:\Users\sanka\AppData\Local\Python\pythoncore-3.14-64\Lib\site-packages\telegram\_bot.py", line 619, in _post
    return await self._do_post(
           ^^^^^^^^^^^^^^^^^^^^
    ...<6 lines>...
    )
    ^
  File "C:\Users\sanka\AppData\Local\Python\pythoncore-3.14-64\Lib\site-packages\telegram\ext\_extbot.py", line 354, in _do_post
    return await super()._do_post(
           ^^^^^^^^^^^^^^^^^^^^^^^
    ...<6 lines>...
    )
    ^
  File "C:\Users\sanka\AppData\Local\Python\pythoncore-3.14-64\Lib\site-packages\telegram\_bot.py", line 648, in _do_post
    result = await request.post(
             ^^^^^^^^^^^^^^^^^^^
    ...<6 lines>...
    )
    ^
  File "C:\Users\sanka\AppData\Local\Python\pythoncore-3.14-64\Lib\site-packages\telegram\request\_baserequest.py", line 202, in post
    result = await self._request_wrapper(
             ^^^^^^^^^^^^^^^^^^^^^^^^^^^^
    ...<7 lines>...
    )
    ^
  File "C:\Users\sanka\AppData\Local\Python\pythoncore-3.14-64\Lib\site-packages\telegram\request\_baserequest.py", line 334, in _request_wrapper
    code, payload = await self.do_request(
                    ^^^^^^^^^^^^^^^^^^^^^^
    ...<7 lines>...
    )
    ^
  File "C:\Users\sanka\AppData\Local\Python\pythoncore-3.14-64\Lib\site-packages\telegram\request\_httpxrequest.py", line 317, in do_request
    raise NetworkError(f"httpx.{err.__class__.__name__}: {err}") from err
telegram.error.NetworkError: httpx.ConnectError: [Errno 11001] getaddrinfo failed
2026-07-22 22:33:29,227 [INFO] httpx: HTTP Request: POST https://api.telegram.org/bot8906918185:AAEkad7nO3ZDckFOaeHbwld3zbhOih9xvmQ/getUpdates "HTTP/1.1 200 OK"
2026-07-22 22:33:29,229 [ERROR] AutoAIBot: Exception while handling an update:
Traceback (most recent call last):
  File "C:\Users\sanka\AppData\Local\Python\pythoncore-3.14-64\Lib\site-packages\httpx\_transports\default.py", line 101, in map_httpcore_exceptions
    yield
  File "C:\Users\sanka\AppData\Local\Python\pythoncore-3.14-64\Lib\site-packages\httpx\_transports\default.py", line 394, in handle_async_request
    resp = await self._pool.handle_async_request(req)
           ^^^^^^^^^^^^^^^^^^^^^^^^^^^^^^^^^^^^^^^^^^
  File "C:\Users\sanka\AppData\Local\Python\pythoncore-3.14-64\Lib\site-packages\httpcore\_async\connection_pool.py", line 256, in handle_async_request
    raise exc from None
  File "C:\Users\sanka\AppData\Local\Python\pythoncore-3.14-64\Lib\site-packages\httpcore\_async\connection_pool.py", line 236, in handle_async_request
    response = await connection.handle_async_request(
               ^^^^^^^^^^^^^^^^^^^^^^^^^^^^^^^^^^^^^^
        pool_request.request
        ^^^^^^^^^^^^^^^^^^^^
    )
    ^
  File "C:\Users\sanka\AppData\Local\Python\pythoncore-3.14-64\Lib\site-packages\httpcore\_async\connection.py", line 103, in handle_async_request
    return await self._connection.handle_async_request(request)
           ^^^^^^^^^^^^^^^^^^^^^^^^^^^^^^^^^^^^^^^^^^^^^^^^^^^^
  File "C:\Users\sanka\AppData\Local\Python\pythoncore-3.14-64\Lib\site-packages\httpcore\_async\http11.py", line 136, in handle_async_request
    raise exc
  File "C:\Users\sanka\AppData\Local\Python\pythoncore-3.14-64\Lib\site-packages\httpcore\_async\http11.py", line 106, in handle_async_request
    ) = await self._receive_response_headers(**kwargs)
        ^^^^^^^^^^^^^^^^^^^^^^^^^^^^^^^^^^^^^^^^^^^^^^
  File "C:\Users\sanka\AppData\Local\Python\pythoncore-3.14-64\Lib\site-packages\httpcore\_async\http11.py", line 177, in _receive_response_headers
    event = await self._receive_event(timeout=timeout)
            ^^^^^^^^^^^^^^^^^^^^^^^^^^^^^^^^^^^^^^^^^^
  File "C:\Users\sanka\AppData\Local\Python\pythoncore-3.14-64\Lib\site-packages\httpcore\_async\http11.py", line 217, in _receive_event
    data = await self._network_stream.read(
           ^^^^^^^^^^^^^^^^^^^^^^^^^^^^^^^^
        self.READ_NUM_BYTES, timeout=timeout
        ^^^^^^^^^^^^^^^^^^^^^^^^^^^^^^^^^^^^
    )
    ^
  File "C:\Users\sanka\AppData\Local\Python\pythoncore-3.14-64\Lib\site-packages\httpcore\_backends\anyio.py", line 32, in read
    with map_exceptions(exc_map):
         ~~~~~~~~~~~~~~^^^^^^^^^
  File "C:\Users\sanka\AppData\Local\Python\pythoncore-3.14-64\Lib\contextlib.py", line 162, in __exit__
    self.gen.throw(value)
    ~~~~~~~~~~~~~~^^^^^^^
  File "C:\Users\sanka\AppData\Local\Python\pythoncore-3.14-64\Lib\site-packages\httpcore\_exceptions.py", line 14, in map_exceptions
    raise to_exc(exc) from exc
httpcore.ReadError

The above exception was the direct cause of the following exception:

Traceback (most recent call last):
  File "C:\Users\sanka\AppData\Local\Python\pythoncore-3.14-64\Lib\site-packages\telegram\request\_httpxrequest.py", line 293, in do_request
    res = await self._client.request(
          ^^^^^^^^^^^^^^^^^^^^^^^^^^^
    ...<6 lines>...
    )
    ^
  File "C:\Users\sanka\AppData\Local\Python\pythoncore-3.14-64\Lib\site-packages\httpx\_client.py", line 1540, in request
    return await self.send(request, auth=auth, follow_redirects=follow_redirects)
           ^^^^^^^^^^^^^^^^^^^^^^^^^^^^^^^^^^^^^^^^^^^^^^^^^^^^^^^^^^^^^^^^^^^^^^
  File "C:\Users\sanka\AppData\Local\Python\pythoncore-3.14-64\Lib\site-packages\httpx\_client.py", line 1629, in send
    response = await self._send_handling_auth(
               ^^^^^^^^^^^^^^^^^^^^^^^^^^^^^^^
    ...<4 lines>...
    )
    ^
  File "C:\Users\sanka\AppData\Local\Python\pythoncore-3.14-64\Lib\site-packages\httpx\_client.py", line 1657, in _send_handling_auth
    response = await self._send_handling_redirects(
               ^^^^^^^^^^^^^^^^^^^^^^^^^^^^^^^^^^^^
    ...<3 lines>...
    )
    ^
  File "C:\Users\sanka\AppData\Local\Python\pythoncore-3.14-64\Lib\site-packages\httpx\_client.py", line 1694, in _send_handling_redirects
    response = await self._send_single_request(request)
               ^^^^^^^^^^^^^^^^^^^^^^^^^^^^^^^^^^^^^^^^
  File "C:\Users\sanka\AppData\Local\Python\pythoncore-3.14-64\Lib\site-packages\httpx\_client.py", line 1730, in _send_single_request
    response = await transport.handle_async_request(request)
               ^^^^^^^^^^^^^^^^^^^^^^^^^^^^^^^^^^^^^^^^^^^^^
  File "C:\Users\sanka\AppData\Local\Python\pythoncore-3.14-64\Lib\site-packages\httpx\_transports\default.py", line 393, in handle_async_request
    with map_httpcore_exceptions():
         ~~~~~~~~~~~~~~~~~~~~~~~^^
  File "C:\Users\sanka\AppData\Local\Python\pythoncore-3.14-64\Lib\contextlib.py", line 162, in __exit__
    self.gen.throw(value)
    ~~~~~~~~~~~~~~^^^^^^^
  File "C:\Users\sanka\AppData\Local\Python\pythoncore-3.14-64\Lib\site-packages\httpx\_transports\default.py", line 118, in map_httpcore_exceptions
    raise mapped_exc(message) from exc
httpx.ReadError

The above exception was the direct cause of the following exception:

Traceback (most recent call last):
  File "C:\Users\sanka\AppData\Local\Python\pythoncore-3.14-64\Lib\site-packages\telegram\ext\_updater.py", line 750, in _network_loop_retry
    if not await do_action():
           ^^^^^^^^^^^^^^^^^
  File "C:\Users\sanka\AppData\Local\Python\pythoncore-3.14-64\Lib\site-packages\telegram\ext\_updater.py", line 744, in do_action
    return action_cb_task.result()
           ~~~~~~~~~~~~~~~~~~~~~^^
  File "C:\Users\sanka\AppData\Local\Python\pythoncore-3.14-64\Lib\site-packages\telegram\ext\_updater.py", line 371, in polling_action_cb
    updates = await self.bot.get_updates(
              ^^^^^^^^^^^^^^^^^^^^^^^^^^^
    ...<7 lines>...
    )
    ^
  File "C:\Users\sanka\AppData\Local\Python\pythoncore-3.14-64\Lib\site-packages\telegram\ext\_extbot.py", line 650, in get_updates
    updates = await super().get_updates(
              ^^^^^^^^^^^^^^^^^^^^^^^^^^
    ...<9 lines>...
    )
    ^
  File "C:\Users\sanka\AppData\Local\Python\pythoncore-3.14-64\Lib\site-packages\telegram\_bot.py", line 4480, in get_updates
    await self._post(
    ^^^^^^^^^^^^^^^^^
    ...<7 lines>...
    ),
    ^
  File "C:\Users\sanka\AppData\Local\Python\pythoncore-3.14-64\Lib\site-packages\telegram\_bot.py", line 619, in _post
    return await self._do_post(
           ^^^^^^^^^^^^^^^^^^^^
    ...<6 lines>...
    )
    ^
  File "C:\Users\sanka\AppData\Local\Python\pythoncore-3.14-64\Lib\site-packages\telegram\ext\_extbot.py", line 354, in _do_post
    return await super()._do_post(
           ^^^^^^^^^^^^^^^^^^^^^^^
    ...<6 lines>...
    )
    ^
  File "C:\Users\sanka\AppData\Local\Python\pythoncore-3.14-64\Lib\site-packages\telegram\_bot.py", line 648, in _do_post
    result = await request.post(
             ^^^^^^^^^^^^^^^^^^^
    ...<6 lines>...
    )
    ^
  File "C:\Users\sanka\AppData\Local\Python\pythoncore-3.14-64\Lib\site-packages\telegram\request\_baserequest.py", line 202, in post
    result = await self._request_wrapper(
             ^^^^^^^^^^^^^^^^^^^^^^^^^^^^
    ...<7 lines>...
    )
    ^
  File "C:\Users\sanka\AppData\Local\Python\pythoncore-3.14-64\Lib\site-packages\telegram\request\_baserequest.py", line 334, in _request_wrapper
    code, payload = await self.do_request(
                    ^^^^^^^^^^^^^^^^^^^^^^
    ...<7 lines>...
    )
    ^
  File "C:\Users\sanka\AppData\Local\Python\pythoncore-3.14-64\Lib\site-packages\telegram\request\_httpxrequest.py", line 317, in do_request
    raise NetworkError(f"httpx.{err.__class__.__name__}: {err}") from err
telegram.error.NetworkError: httpx.ReadError: 
2026-07-22 22:33:41,256 [INFO] httpx: HTTP Request: POST https://api.telegram.org/bot8906918185:AAEkad7nO3ZDckFOaeHbwld3zbhOih9xvmQ/getUpdates "HTTP/1.1 200 OK"
2026-07-22 22:33:51,487 [INFO] httpx: HTTP Request: POST https://api.telegram.org/bot8906918185:AAEkad7nO3ZDckFOaeHbwld3zbhOih9xvmQ/getUpdates "HTTP/1.1 200 OK"
2026-07-22 22:34:01,884 [INFO] httpx: HTTP Request: POST https://api.telegram.org/bot8906918185:AAEkad7nO3ZDckFOaeHbwld3zbhOih9xvmQ/getUpdates "HTTP/1.1 200 OK"
2026-07-22 22:34:12,104 [INFO] httpx: HTTP Request: POST https://api.telegram.org/bot8906918185:AAEkad7nO3ZDckFOaeHbwld3zbhOih9xvmQ/getUpdates "HTTP/1.1 200 OK"
2026-07-22 22:34:12,841 [INFO] httpx: HTTP Request: POST https://api.telegram.org/bot8906918185:AAEkad7nO3ZDckFOaeHbwld3zbhOih9xvmQ/getUpdates "HTTP/1.1 200 OK"
2026-07-22 22:34:14,086 [INFO] httpx: HTTP Request: POST https://api.telegram.org/bot8906918185:AAEkad7nO3ZDckFOaeHbwld3zbhOih9xvmQ/answerCallbackQuery "HTTP/1.1 200 OK"
2026-07-22 22:34:14,783 [INFO] httpx: HTTP Request: POST https://api.telegram.org/bot8906918185:AAEkad7nO3ZDckFOaeHbwld3zbhOih9xvmQ/editMessageText "HTTP/1.1 200 OK"
2026-07-22 22:34:15,258 [INFO] httpx: HTTP Request: POST https://api.telegram.org/bot8906918185:AAEkad7nO3ZDckFOaeHbwld3zbhOih9xvmQ/sendMessage "HTTP/1.1 200 OK"
2026-07-22 22:34:23,068 [INFO] httpx: HTTP Request: POST https://api.telegram.org/bot8906918185:AAEkad7nO3ZDckFOaeHbwld3zbhOih9xvmQ/getUpdates "HTTP/1.1 200 OK"
2026-07-22 22:34:27,215 [INFO] httpx: HTTP Request: POST https://api.telegram.org/bot8906918185:AAEkad7nO3ZDckFOaeHbwld3zbhOih9xvmQ/getUpdates "HTTP/1.1 200 OK"
2026-07-22 22:34:29,019 [INFO] httpx: HTTP Request: POST https://api.telegram.org/bot8906918185:AAEkad7nO3ZDckFOaeHbwld3zbhOih9xvmQ/answerCallbackQuery "HTTP/1.1 200 OK"
2026-07-22 22:34:29,469 [INFO] httpx: HTTP Request: POST https://api.telegram.org/bot8906918185:AAEkad7nO3ZDckFOaeHbwld3zbhOih9xvmQ/editMessageText "HTTP/1.1 200 OK"
2026-07-22 22:34:30,227 [INFO] httpx: HTTP Request: POST https://api.telegram.org/bot8906918185:AAEkad7nO3ZDckFOaeHbwld3zbhOih9xvmQ/sendMessage "HTTP/1.1 200 OK"
2026-07-22 22:34:33,089 [INFO] httpx: HTTP Request: POST https://api.telegram.org/bot8906918185:AAEkad7nO3ZDckFOaeHbwld3zbhOih9xvmQ/getUpdates "HTTP/1.1 200 OK"
2026-07-22 22:34:33,518 [INFO] httpx: HTTP Request: POST https://api.telegram.org/bot8906918185:AAEkad7nO3ZDckFOaeHbwld3zbhOih9xvmQ/answerCallbackQuery "HTTP/1.1 200 OK"
2026-07-22 22:34:33,970 [INFO] httpx: HTTP Request: POST https://api.telegram.org/bot8906918185:AAEkad7nO3ZDckFOaeHbwld3zbhOih9xvmQ/editMessageText "HTTP/1.1 200 OK"
2026-07-22 22:34:34,419 [INFO] httpx: HTTP Request: POST https://api.telegram.org/bot8906918185:AAEkad7nO3ZDckFOaeHbwld3zbhOih9xvmQ/sendMessage "HTTP/1.1 200 OK"
2026-07-22 22:34:34,589 [INFO] httpx: HTTP Request: POST http://127.0.0.1:8000/recommend/ "HTTP/1.1 200 OK"
2026-07-22 22:34:34,589 [INFO] AutoAIBot: User: 6582739537 | Action: POST /recommend/ - Status 200 | ResponseTime: 168.97ms
2026-07-22 22:34:35,052 [INFO] httpx: HTTP Request: POST https://api.telegram.org/bot8906918185:AAEkad7nO3ZDckFOaeHbwld3zbhOih9xvmQ/sendMessage "HTTP/1.1 200 OK"
2026-07-22 22:34:35,215 [INFO] httpx: HTTP Request: GET http://127.0.0.1:8000/wishlist/ "HTTP/1.1 200 OK"
2026-07-22 22:34:35,215 [INFO] AutoAIBot: User: 6582739537 | Action: GET /wishlist/ - Status 200 | ResponseTime: 162.17ms
2026-07-22 22:34:35,757 [INFO] httpx: HTTP Request: POST https://api.telegram.org/bot8906918185:AAEkad7nO3ZDckFOaeHbwld3zbhOih9xvmQ/sendPhoto "HTTP/1.1 200 OK"
2026-07-22 22:34:43,319 [INFO] httpx: HTTP Request: POST https://api.telegram.org/bot8906918185:AAEkad7nO3ZDckFOaeHbwld3zbhOih9xvmQ/getUpdates "HTTP/1.1 200 OK"
2026-07-22 22:34:53,536 [INFO] httpx: HTTP Request: POST https://api.telegram.org/bot8906918185:AAEkad7nO3ZDckFOaeHbwld3zbhOih9xvmQ/getUpdates "HTTP/1.1 200 OK"
2026-07-22 22:35:03,756 [INFO] httpx: HTTP Request: POST https://api.telegram.org/bot8906918185:AAEkad7nO3ZDckFOaeHbwld3zbhOih9xvmQ/getUpdates "HTTP/1.1 200 OK"
2026-07-22 22:35:09,086 [INFO] httpx: HTTP Request: POST https://api.telegram.org/bot8906918185:AAEkad7nO3ZDckFOaeHbwld3zbhOih9xvmQ/getUpdates "HTTP/1.1 200 OK"
2026-07-22 22:35:10,335 [INFO] httpx: HTTP Request: POST https://api.telegram.org/bot8906918185:AAEkad7nO3ZDckFOaeHbwld3zbhOih9xvmQ/answerCallbackQuery "HTTP/1.1 200 OK"
2026-07-22 22:35:10,807 [INFO] httpx: HTTP Request: POST https://api.telegram.org/bot8906918185:AAEkad7nO3ZDckFOaeHbwld3zbhOih9xvmQ/sendMessage "HTTP/1.1 200 OK"
2026-07-22 22:35:13,982 [INFO] httpx: HTTP Request: POST https://api.telegram.org/bot8906918185:AAEkad7nO3ZDckFOaeHbwld3zbhOih9xvmQ/getUpdates "HTTP/1.1 200 OK"
2026-07-22 22:35:14,473 [INFO] httpx: HTTP Request: POST https://api.telegram.org/bot8906918185:AAEkad7nO3ZDckFOaeHbwld3zbhOih9xvmQ/answerCallbackQuery "HTTP/1.1 200 OK"
2026-07-22 22:35:14,932 [INFO] httpx: HTTP Request: POST https://api.telegram.org/bot8906918185:AAEkad7nO3ZDckFOaeHbwld3zbhOih9xvmQ/deleteMessage "HTTP/1.1 200 OK"
2026-07-22 22:35:15,417 [INFO] httpx: HTTP Request: POST https://api.telegram.org/bot8906918185:AAEkad7nO3ZDckFOaeHbwld3zbhOih9xvmQ/sendMessage "HTTP/1.1 200 OK"
2026-07-22 22:35:24,206 [INFO] httpx: HTTP Request: POST https://api.telegram.org/bot8906918185:AAEkad7nO3ZDckFOaeHbwld3zbhOih9xvmQ/getUpdates "HTTP/1.1 200 OK"
2026-07-22 22:35:34,613 [INFO] httpx: HTTP Request: POST https://api.telegram.org/bot8906918185:AAEkad7nO3ZDckFOaeHbwld3zbhOih9xvmQ/getUpdates "HTTP/1.1 200 OK"
2026-07-22 22:35:45,070 [INFO] httpx: HTTP Request: POST https://api.telegram.org/bot8906918185:AAEkad7nO3ZDckFOaeHbwld3zbhOih9xvmQ/getUpdates "HTTP/1.1 200 OK"
2026-07-22 22:35:55,287 [INFO] httpx: HTTP Request: POST https://api.telegram.org/bot8906918185:AAEkad7nO3ZDckFOaeHbwld3zbhOih9xvmQ/getUpdates "HTTP/1.1 200 OK"
2026-07-22 22:36:00,137 [INFO] httpx: HTTP Request: POST https://api.telegram.org/bot8906918185:AAEkad7nO3ZDckFOaeHbwld3zbhOih9xvmQ/getUpdates "HTTP/1.1 200 OK"
2026-07-22 22:36:02,312 [INFO] httpx: HTTP Request: POST https://api.telegram.org/bot8906918185:AAEkad7nO3ZDckFOaeHbwld3zbhOih9xvmQ/sendChatAction "HTTP/1.1 200 OK"
2026-07-22 22:36:02,651 [INFO] httpx: HTTP Request: POST http://127.0.0.1:8000/auth/register "HTTP/1.1 200 OK"
2026-07-22 22:36:02,652 [INFO] AutoAIBot: User: 7143366313 | Action: POST /auth/register - Status 200 | ResponseTime: 339.79ms
2026-07-22 22:36:02,996 [INFO] httpx: HTTP Request: POST http://127.0.0.1:8000/auth/login "HTTP/1.1 200 OK"
2026-07-22 22:36:02,996 [INFO] AutoAIBot: User: 7143366313 | Action: POST /auth/login - Status 200 | ResponseTime: 343.82ms
2026-07-22 22:36:03,452 [INFO] httpx: HTTP Request: POST https://api.telegram.org/bot8906918185:AAEkad7nO3ZDckFOaeHbwld3zbhOih9xvmQ/sendMessage "HTTP/1.1 200 OK"
2026-07-22 22:36:10,527 [INFO] httpx: HTTP Request: POST https://api.telegram.org/bot8906918185:AAEkad7nO3ZDckFOaeHbwld3zbhOih9xvmQ/getUpdates "HTTP/1.1 200 OK"
2026-07-22 22:36:20,747 [INFO] httpx: HTTP Request: POST https://api.telegram.org/bot8906918185:AAEkad7nO3ZDckFOaeHbwld3zbhOih9xvmQ/getUpdates "HTTP/1.1 200 OK"
2026-07-22 22:36:30,967 [INFO] httpx: HTTP Request: POST https://api.telegram.org/bot8906918185:AAEkad7nO3ZDckFOaeHbwld3zbhOih9xvmQ/getUpdates "HTTP/1.1 200 OK"
2026-07-22 22:36:41,187 [INFO] httpx: HTTP Request: POST https://api.telegram.org/bot8906918185:AAEkad7nO3ZDckFOaeHbwld3zbhOih9xvmQ/getUpdates "HTTP/1.1 200 OK"
2026-07-22 22:36:51,403 [INFO] httpx: HTTP Request: POST https://api.telegram.org/bot8906918185:AAEkad7nO3ZDckFOaeHbwld3zbhOih9xvmQ/getUpdates "HTTP/1.1 200 OK"
2026-07-22 22:37:01,789 [INFO] httpx: HTTP Request: POST https://api.telegram.org/bot8906918185:AAEkad7nO3ZDckFOaeHbwld3zbhOih9xvmQ/getUpdates "HTTP/1.1 200 OK"
2026-07-22 22:37:12,011 [INFO] httpx: HTTP Request: POST https://api.telegram.org/bot8906918185:AAEkad7nO3ZDckFOaeHbwld3zbhOih9xvmQ/getUpdates "HTTP/1.1 200 OK"
2026-07-22 22:37:22,045 [INFO] httpx: HTTP Request: POST https://api.telegram.org/bot8906918185:AAEkad7nO3ZDckFOaeHbwld3zbhOih9xvmQ/getUpdates "HTTP/1.1 200 OK"
2026-07-22 22:37:23,197 [INFO] httpx: HTTP Request: POST https://api.telegram.org/bot8906918185:AAEkad7nO3ZDckFOaeHbwld3zbhOih9xvmQ/sendChatAction "HTTP/1.1 200 OK"
2026-07-22 22:37:23,541 [INFO] httpx: HTTP Request: POST http://127.0.0.1:8000/auth/register "HTTP/1.1 200 OK"
2026-07-22 22:37:23,542 [INFO] AutoAIBot: User: 6036438008 | Action: POST /auth/register - Status 200 | ResponseTime: 344.72ms
2026-07-22 22:37:23,894 [INFO] httpx: HTTP Request: POST http://127.0.0.1:8000/auth/login "HTTP/1.1 200 OK"
2026-07-22 22:37:23,894 [INFO] AutoAIBot: User: 6036438008 | Action: POST /auth/login - Status 200 | ResponseTime: 351.85ms
2026-07-22 22:37:24,320 [INFO] httpx: HTTP Request: POST https://api.telegram.org/bot8906918185:AAEkad7nO3ZDckFOaeHbwld3zbhOih9xvmQ/sendMessage "HTTP/1.1 200 OK"
2026-07-22 22:37:30,870 [INFO] httpx: HTTP Request: POST https://api.telegram.org/bot8906918185:AAEkad7nO3ZDckFOaeHbwld3zbhOih9xvmQ/getUpdates "HTTP/1.1 200 OK"
2026-07-22 22:37:32,139 [INFO] httpx: HTTP Request: POST https://api.telegram.org/bot8906918185:AAEkad7nO3ZDckFOaeHbwld3zbhOih9xvmQ/sendChatAction "HTTP/1.1 200 OK"
2026-07-22 22:37:32,836 [INFO] httpx: HTTP Request: POST https://api.telegram.org/bot8906918185:AAEkad7nO3ZDckFOaeHbwld3zbhOih9xvmQ/sendMessage "HTTP/1.1 200 OK"
2026-07-22 22:37:41,092 [INFO] httpx: HTTP Request: POST https://api.telegram.org/bot8906918185:AAEkad7nO3ZDckFOaeHbwld3zbhOih9xvmQ/getUpdates "HTTP/1.1 200 OK"
2026-07-22 22:37:51,326 [INFO] httpx: HTTP Request: POST https://api.telegram.org/bot8906918185:AAEkad7nO3ZDckFOaeHbwld3zbhOih9xvmQ/getUpdates "HTTP/1.1 200 OK"
2026-07-22 22:37:57,071 [INFO] httpx: HTTP Request: POST https://api.telegram.org/bot8906918185:AAEkad7nO3ZDckFOaeHbwld3zbhOih9xvmQ/getUpdates "HTTP/1.1 200 OK"
2026-07-22 22:37:58,777 [INFO] httpx: HTTP Request: POST https://api.telegram.org/bot8906918185:AAEkad7nO3ZDckFOaeHbwld3zbhOih9xvmQ/sendMessage "HTTP/1.1 200 OK"
2026-07-22 22:38:02,154 [INFO] httpx: HTTP Request: POST https://api.telegram.org/bot8906918185:AAEkad7nO3ZDckFOaeHbwld3zbhOih9xvmQ/getUpdates "HTTP/1.1 200 OK"
2026-07-22 22:38:02,581 [INFO] httpx: HTTP Request: POST https://api.telegram.org/bot8906918185:AAEkad7nO3ZDckFOaeHbwld3zbhOih9xvmQ/answerCallbackQuery "HTTP/1.1 200 OK"
2026-07-22 22:38:03,299 [INFO] httpx: HTTP Request: POST https://api.telegram.org/bot8906918185:AAEkad7nO3ZDckFOaeHbwld3zbhOih9xvmQ/editMessageText "HTTP/1.1 200 OK"
2026-07-22 22:38:04,021 [INFO] httpx: HTTP Request: POST https://api.telegram.org/bot8906918185:AAEkad7nO3ZDckFOaeHbwld3zbhOih9xvmQ/sendMessage "HTTP/1.1 200 OK"
2026-07-22 22:38:05,982 [INFO] httpx: HTTP Request: POST https://api.telegram.org/bot8906918185:AAEkad7nO3ZDckFOaeHbwld3zbhOih9xvmQ/getUpdates "HTTP/1.1 200 OK"
2026-07-22 22:38:06,527 [INFO] httpx: HTTP Request: POST https://api.telegram.org/bot8906918185:AAEkad7nO3ZDckFOaeHbwld3zbhOih9xvmQ/answerCallbackQuery "HTTP/1.1 200 OK"
2026-07-22 22:38:06,982 [INFO] httpx: HTTP Request: POST https://api.telegram.org/bot8906918185:AAEkad7nO3ZDckFOaeHbwld3zbhOih9xvmQ/editMessageText "HTTP/1.1 200 OK"
2026-07-22 22:38:07,676 [INFO] httpx: HTTP Request: POST https://api.telegram.org/bot8906918185:AAEkad7nO3ZDckFOaeHbwld3zbhOih9xvmQ/sendMessage "HTTP/1.1 200 OK"
2026-07-22 22:38:11,684 [INFO] httpx: HTTP Request: POST https://api.telegram.org/bot8906918185:AAEkad7nO3ZDckFOaeHbwld3zbhOih9xvmQ/getUpdates "HTTP/1.1 200 OK"
2026-07-22 22:38:12,358 [INFO] httpx: HTTP Request: POST https://api.telegram.org/bot8906918185:AAEkad7nO3ZDckFOaeHbwld3zbhOih9xvmQ/answerCallbackQuery "HTTP/1.1 200 OK"
2026-07-22 22:38:13,091 [INFO] httpx: HTTP Request: POST https://api.telegram.org/bot8906918185:AAEkad7nO3ZDckFOaeHbwld3zbhOih9xvmQ/editMessageText "HTTP/1.1 200 OK"
2026-07-22 22:38:13,538 [INFO] httpx: HTTP Request: POST https://api.telegram.org/bot8906918185:AAEkad7nO3ZDckFOaeHbwld3zbhOih9xvmQ/sendMessage "HTTP/1.1 200 OK"
2026-07-22 22:38:17,743 [INFO] httpx: HTTP Request: POST https://api.telegram.org/bot8906918185:AAEkad7nO3ZDckFOaeHbwld3zbhOih9xvmQ/getUpdates "HTTP/1.1 200 OK"
2026-07-22 22:38:18,385 [INFO] httpx: HTTP Request: POST https://api.telegram.org/bot8906918185:AAEkad7nO3ZDckFOaeHbwld3zbhOih9xvmQ/answerCallbackQuery "HTTP/1.1 200 OK"
2026-07-22 22:38:18,853 [INFO] httpx: HTTP Request: POST https://api.telegram.org/bot8906918185:AAEkad7nO3ZDckFOaeHbwld3zbhOih9xvmQ/editMessageText "HTTP/1.1 200 OK"
2026-07-22 22:38:19,335 [INFO] httpx: HTTP Request: POST https://api.telegram.org/bot8906918185:AAEkad7nO3ZDckFOaeHbwld3zbhOih9xvmQ/sendMessage "HTTP/1.1 200 OK"
2026-07-22 22:38:23,575 [INFO] httpx: HTTP Request: POST https://api.telegram.org/bot8906918185:AAEkad7nO3ZDckFOaeHbwld3zbhOih9xvmQ/getUpdates "HTTP/1.1 200 OK"
2026-07-22 22:38:24,222 [INFO] httpx: HTTP Request: POST https://api.telegram.org/bot8906918185:AAEkad7nO3ZDckFOaeHbwld3zbhOih9xvmQ/answerCallbackQuery "HTTP/1.1 200 OK"
2026-07-22 22:38:24,671 [INFO] httpx: HTTP Request: POST https://api.telegram.org/bot8906918185:AAEkad7nO3ZDckFOaeHbwld3zbhOih9xvmQ/editMessageText "HTTP/1.1 200 OK"
2026-07-22 22:38:25,119 [INFO] httpx: HTTP Request: POST https://api.telegram.org/bot8906918185:AAEkad7nO3ZDckFOaeHbwld3zbhOih9xvmQ/sendMessage "HTTP/1.1 200 OK"
2026-07-22 22:38:25,290 [INFO] httpx: HTTP Request: POST http://127.0.0.1:8000/recommend/ "HTTP/1.1 200 OK"
2026-07-22 22:38:25,291 [INFO] AutoAIBot: User: 6036438008 | Action: POST /recommend/ - Status 200 | ResponseTime: 170.40ms
2026-07-22 22:38:25,737 [INFO] httpx: HTTP Request: POST https://api.telegram.org/bot8906918185:AAEkad7nO3ZDckFOaeHbwld3zbhOih9xvmQ/sendMessage "HTTP/1.1 200 OK"
2026-07-22 22:38:25,908 [INFO] httpx: HTTP Request: GET http://127.0.0.1:8000/wishlist/ "HTTP/1.1 200 OK"
2026-07-22 22:38:25,908 [INFO] AutoAIBot: User: 6036438008 | Action: GET /wishlist/ - Status 200 | ResponseTime: 169.99ms
2026-07-22 22:38:26,384 [INFO] httpx: HTTP Request: POST https://api.telegram.org/bot8906918185:AAEkad7nO3ZDckFOaeHbwld3zbhOih9xvmQ/sendPhoto "HTTP/1.1 200 OK"
2026-07-22 22:38:33,799 [INFO] httpx: HTTP Request: POST https://api.telegram.org/bot8906918185:AAEkad7nO3ZDckFOaeHbwld3zbhOih9xvmQ/getUpdates "HTTP/1.1 200 OK"
2026-07-22 22:38:37,902 [INFO] httpx: HTTP Request: POST https://api.telegram.org/bot8906918185:AAEkad7nO3ZDckFOaeHbwld3zbhOih9xvmQ/getUpdates "HTTP/1.1 200 OK"
2026-07-22 22:38:39,477 [INFO] httpx: HTTP Request: POST https://api.telegram.org/bot8906918185:AAEkad7nO3ZDckFOaeHbwld3zbhOih9xvmQ/answerCallbackQuery "HTTP/1.1 200 OK"
2026-07-22 22:38:40,130 [INFO] httpx: HTTP Request: POST https://api.telegram.org/bot8906918185:AAEkad7nO3ZDckFOaeHbwld3zbhOih9xvmQ/deleteMessage "HTTP/1.1 200 OK"
2026-07-22 22:38:40,295 [INFO] httpx: HTTP Request: GET http://127.0.0.1:8000/wishlist/ "HTTP/1.1 200 OK"
2026-07-22 22:38:40,296 [INFO] AutoAIBot: User: 6036438008 | Action: GET /wishlist/ - Status 200 | ResponseTime: 165.50ms
2026-07-22 22:38:40,762 [INFO] httpx: HTTP Request: POST https://api.telegram.org/bot8906918185:AAEkad7nO3ZDckFOaeHbwld3zbhOih9xvmQ/sendPhoto "HTTP/1.1 200 OK"
2026-07-22 22:38:47,252 [INFO] httpx: HTTP Request: POST https://api.telegram.org/bot8906918185:AAEkad7nO3ZDckFOaeHbwld3zbhOih9xvmQ/getUpdates "HTTP/1.1 200 OK"
2026-07-22 22:38:48,385 [INFO] httpx: HTTP Request: POST https://api.telegram.org/bot8906918185:AAEkad7nO3ZDckFOaeHbwld3zbhOih9xvmQ/answerCallbackQuery "HTTP/1.1 200 OK"
2026-07-22 22:38:49,072 [INFO] httpx: HTTP Request: POST https://api.telegram.org/bot8906918185:AAEkad7nO3ZDckFOaeHbwld3zbhOih9xvmQ/deleteMessage "HTTP/1.1 200 OK"
2026-07-22 22:38:49,251 [INFO] httpx: HTTP Request: GET http://127.0.0.1:8000/wishlist/ "HTTP/1.1 200 OK"
2026-07-22 22:38:49,251 [INFO] AutoAIBot: User: 6036438008 | Action: GET /wishlist/ - Status 200 | ResponseTime: 178.63ms
2026-07-22 22:38:50,131 [INFO] httpx: HTTP Request: POST https://api.telegram.org/bot8906918185:AAEkad7nO3ZDckFOaeHbwld3zbhOih9xvmQ/sendPhoto "HTTP/1.1 200 OK"
2026-07-22 22:38:57,468 [INFO] httpx: HTTP Request: POST https://api.telegram.org/bot8906918185:AAEkad7nO3ZDckFOaeHbwld3zbhOih9xvmQ/getUpdates "HTTP/1.1 200 OK"
2026-07-22 22:39:07,930 [INFO] httpx: HTTP Request: POST https://api.telegram.org/bot8906918185:AAEkad7nO3ZDckFOaeHbwld3zbhOih9xvmQ/getUpdates "HTTP/1.1 200 OK"
2026-07-22 22:39:18,154 [INFO] httpx: HTTP Request: POST https://api.telegram.org/bot8906918185:AAEkad7nO3ZDckFOaeHbwld3zbhOih9xvmQ/getUpdates "HTTP/1.1 200 OK"
2026-07-22 22:39:28,368 [INFO] httpx: HTTP Request: POST https://api.telegram.org/bot8906918185:AAEkad7nO3ZDckFOaeHbwld3zbhOih9xvmQ/getUpdates "HTTP/1.1 200 OK"
2026-07-22 22:39:38,582 [INFO] httpx: HTTP Request: POST https://api.telegram.org/bot8906918185:AAEkad7nO3ZDckFOaeHbwld3zbhOih9xvmQ/getUpdates "HTTP/1.1 200 OK"
2026-07-22 22:39:48,797 [INFO] httpx: HTTP Request: POST https://api.telegram.org/bot8906918185:AAEkad7nO3ZDckFOaeHbwld3zbhOih9xvmQ/getUpdates "HTTP/1.1 200 OK"
2026-07-22 22:39:59,186 [INFO] httpx: HTTP Request: POST https://api.telegram.org/bot8906918185:AAEkad7nO3ZDckFOaeHbwld3zbhOih9xvmQ/getUpdates "HTTP/1.1 200 OK"
2026-07-22 22:40:09,426 [INFO] httpx: HTTP Request: POST https://api.telegram.org/bot8906918185:AAEkad7nO3ZDckFOaeHbwld3zbhOih9xvmQ/getUpdates "HTTP/1.1 200 OK"
2026-07-22 22:40:19,647 [INFO] httpx: HTTP Request: POST https://api.telegram.org/bot8906918185:AAEkad7nO3ZDckFOaeHbwld3zbhOih9xvmQ/getUpdates "HTTP/1.1 200 OK"
2026-07-22 22:40:29,873 [INFO] httpx: HTTP Request: POST https://api.telegram.org/bot8906918185:AAEkad7nO3ZDckFOaeHbwld3zbhOih9xvmQ/getUpdates "HTTP/1.1 200 OK"
2026-07-22 22:40:40,087 [INFO] httpx: HTTP Request: POST https://api.telegram.org/bot8906918185:AAEkad7nO3ZDckFOaeHbwld3zbhOih9xvmQ/getUpdates "HTTP/1.1 200 OK"
2026-07-22 22:40:50,314 [INFO] httpx: HTTP Request: POST https://api.telegram.org/bot8906918185:AAEkad7nO3ZDckFOaeHbwld3zbhOih9xvmQ/getUpdates "HTTP/1.1 200 OK"
2026-07-22 22:41:00,538 [INFO] httpx: HTTP Request: POST https://api.telegram.org/bot8906918185:AAEkad7nO3ZDckFOaeHbwld3zbhOih9xvmQ/getUpdates "HTTP/1.1 200 OK"
2026-07-22 22:41:10,763 [INFO] httpx: HTTP Request: POST https://api.telegram.org/bot8906918185:AAEkad7nO3ZDckFOaeHbwld3zbhOih9xvmQ/getUpdates "HTTP/1.1 200 OK"
2026-07-22 22:41:19,413 [INFO] httpx: HTTP Request: POST https://api.telegram.org/bot8906918185:AAEkad7nO3ZDckFOaeHbwld3zbhOih9xvmQ/getUpdates "HTTP/1.1 200 OK"
2026-07-22 22:41:20,686 [INFO] httpx: HTTP Request: POST https://api.telegram.org/bot8906918185:AAEkad7nO3ZDckFOaeHbwld3zbhOih9xvmQ/sendChatAction "HTTP/1.1 200 OK"
2026-07-22 22:41:21,035 [INFO] httpx: HTTP Request: POST http://127.0.0.1:8000/auth/register "HTTP/1.1 200 OK"
2026-07-22 22:41:21,035 [INFO] AutoAIBot: User: 1617362616 | Action: POST /auth/register - Status 200 | ResponseTime: 348.82ms
2026-07-22 22:41:21,375 [INFO] httpx: HTTP Request: POST http://127.0.0.1:8000/auth/login "HTTP/1.1 200 OK"
2026-07-22 22:41:21,375 [INFO] AutoAIBot: User: 1617362616 | Action: POST /auth/login - Status 200 | ResponseTime: 339.51ms
2026-07-22 22:41:21,909 [INFO] httpx: HTTP Request: POST https://api.telegram.org/bot8906918185:AAEkad7nO3ZDckFOaeHbwld3zbhOih9xvmQ/sendMessage "HTTP/1.1 200 OK"
2026-07-22 22:41:29,896 [INFO] httpx: HTTP Request: POST https://api.telegram.org/bot8906918185:AAEkad7nO3ZDckFOaeHbwld3zbhOih9xvmQ/getUpdates "HTTP/1.1 200 OK"
2026-07-22 22:41:30,114 [INFO] httpx: HTTP Request: POST https://api.telegram.org/bot8906918185:AAEkad7nO3ZDckFOaeHbwld3zbhOih9xvmQ/getUpdates "HTTP/1.1 200 OK"
2026-07-22 22:41:31,311 [INFO] httpx: HTTP Request: POST https://api.telegram.org/bot8906918185:AAEkad7nO3ZDckFOaeHbwld3zbhOih9xvmQ/sendChatAction "HTTP/1.1 200 OK"
2026-07-22 22:41:32,160 [INFO] httpx: HTTP Request: POST https://api.telegram.org/bot8906918185:AAEkad7nO3ZDckFOaeHbwld3zbhOih9xvmQ/sendMessage "HTTP/1.1 200 OK"
2026-07-22 22:41:40,561 [INFO] httpx: HTTP Request: POST https://api.telegram.org/bot8906918185:AAEkad7nO3ZDckFOaeHbwld3zbhOih9xvmQ/getUpdates "HTTP/1.1 200 OK"
2026-07-22 22:41:45,133 [INFO] httpx: HTTP Request: POST https://api.telegram.org/bot8906918185:AAEkad7nO3ZDckFOaeHbwld3zbhOih9xvmQ/getUpdates "HTTP/1.1 200 OK"
2026-07-22 22:41:46,240 [INFO] httpx: HTTP Request: POST https://api.telegram.org/bot8906918185:AAEkad7nO3ZDckFOaeHbwld3zbhOih9xvmQ/sendChatAction "HTTP/1.1 200 OK"
2026-07-22 22:41:55,353 [INFO] httpx: HTTP Request: POST https://api.telegram.org/bot8906918185:AAEkad7nO3ZDckFOaeHbwld3zbhOih9xvmQ/getUpdates "HTTP/1.1 200 OK"
2026-07-22 22:42:01,019 [INFO] httpx: HTTP Request: POST https://api.telegram.org/bot8906918185:AAEkad7nO3ZDckFOaeHbwld3zbhOih9xvmQ/getUpdates "HTTP/1.1 200 OK"
2026-07-22 22:42:01,420 [ERROR] AutoAIBot: User: 1617362616 | Action: POST /chat/ - Request Failed | ResponseTime: 15178.88ms | Error: 
2026-07-22 22:42:01,421 [ERROR] AutoAIBot: AI chat request failed: 
2026-07-22 22:42:03,074 [INFO] httpx: HTTP Request: POST https://api.telegram.org/bot8906918185:AAEkad7nO3ZDckFOaeHbwld3zbhOih9xvmQ/sendMessage "HTTP/1.1 200 OK"
2026-07-22 22:42:03,515 [INFO] httpx: HTTP Request: POST https://api.telegram.org/bot8906918185:AAEkad7nO3ZDckFOaeHbwld3zbhOih9xvmQ/sendChatAction "HTTP/1.1 200 OK"
2026-07-22 22:42:11,414 [INFO] httpx: HTTP Request: POST https://api.telegram.org/bot8906918185:AAEkad7nO3ZDckFOaeHbwld3zbhOih9xvmQ/getUpdates "HTTP/1.1 200 OK"
2026-07-22 22:42:18,721 [ERROR] AutoAIBot: User: 1617362616 | Action: POST /chat/ - Request Failed | ResponseTime: 15206.07ms | Error: 
2026-07-22 22:42:18,722 [ERROR] AutoAIBot: AI chat request failed: 
2026-07-22 22:42:19,873 [INFO] httpx: HTTP Request: POST https://api.telegram.org/bot8906918185:AAEkad7nO3ZDckFOaeHbwld3zbhOih9xvmQ/sendMessage "HTTP/1.1 200 OK"
2026-07-22 22:42:21,820 [INFO] httpx: HTTP Request: POST https://api.telegram.org/bot8906918185:AAEkad7nO3ZDckFOaeHbwld3zbhOih9xvmQ/getUpdates "HTTP/1.1 200 OK"
2026-07-22 22:42:32,092 [INFO] httpx: HTTP Request: POST https://api.telegram.org/bot8906918185:AAEkad7nO3ZDckFOaeHbwld3zbhOih9xvmQ/getUpdates "HTTP/1.1 200 OK"
2026-07-22 22:42:42,310 [INFO] httpx: HTTP Request: POST https://api.telegram.org/bot8906918185:AAEkad7nO3ZDckFOaeHbwld3zbhOih9xvmQ/getUpdates "HTTP/1.1 200 OK"
2026-07-22 22:42:52,524 [INFO] httpx: HTTP Request: POST https://api.telegram.org/bot8906918185:AAEkad7nO3ZDckFOaeHbwld3zbhOih9xvmQ/getUpdates "HTTP/1.1 200 OK"
2026-07-22 22:43:02,741 [INFO] httpx: HTTP Request: POST https://api.telegram.org/bot8906918185:AAEkad7nO3ZDckFOaeHbwld3zbhOih9xvmQ/getUpdates "HTTP/1.1 200 OK"
2026-07-22 22:43:12,959 [INFO] httpx: HTTP Request: POST https://api.telegram.org/bot8906918185:AAEkad7nO3ZDckFOaeHbwld3zbhOih9xvmQ/getUpdates "HTTP/1.1 200 OK"
2026-07-22 22:43:23,421 [INFO] httpx: HTTP Request: POST https://api.telegram.org/bot8906918185:AAEkad7nO3ZDckFOaeHbwld3zbhOih9xvmQ/getUpdates "HTTP/1.1 200 OK"
2026-07-22 22:43:33,886 [INFO] httpx: HTTP Request: POST https://api.telegram.org/bot8906918185:AAEkad7nO3ZDckFOaeHbwld3zbhOih9xvmQ/getUpdates "HTTP/1.1 200 OK"
2026-07-22 22:43:44,103 [INFO] httpx: HTTP Request: POST https://api.telegram.org/bot8906918185:AAEkad7nO3ZDckFOaeHbwld3zbhOih9xvmQ/getUpdates "HTTP/1.1 200 OK"
2026-07-22 22:43:54,330 [INFO] httpx: HTTP Request: POST https://api.telegram.org/bot8906918185:AAEkad7nO3ZDckFOaeHbwld3zbhOih9xvmQ/getUpdates "HTTP/1.1 200 OK"
2026-07-22 22:44:04,545 [INFO] httpx: HTTP Request: POST https://api.telegram.org/bot8906918185:AAEkad7nO3ZDckFOaeHbwld3zbhOih9xvmQ/getUpdates "HTTP/1.1 200 OK"
2026-07-22 22:44:14,767 [INFO] httpx: HTTP Request: POST https://api.telegram.org/bot8906918185:AAEkad7nO3ZDckFOaeHbwld3zbhOih9xvmQ/getUpdates "HTTP/1.1 200 OK"
2026-07-22 22:44:24,980 [INFO] httpx: HTTP Request: POST https://api.telegram.org/bot8906918185:AAEkad7nO3ZDckFOaeHbwld3zbhOih9xvmQ/getUpdates "HTTP/1.1 200 OK"
2026-07-22 22:44:35,193 [INFO] httpx: HTTP Request: POST https://api.telegram.org/bot8906918185:AAEkad7nO3ZDckFOaeHbwld3zbhOih9xvmQ/getUpdates "HTTP/1.1 200 OK"
2026-07-22 22:44:45,409 [INFO] httpx: HTTP Request: POST https://api.telegram.org/bot8906918185:AAEkad7nO3ZDckFOaeHbwld3zbhOih9xvmQ/getUpdates "HTTP/1.1 200 OK"
2026-07-22 22:44:55,626 [INFO] httpx: HTTP Request: POST https://api.telegram.org/bot8906918185:AAEkad7nO3ZDckFOaeHbwld3zbhOih9xvmQ/getUpdates "HTTP/1.1 200 OK"
2026-07-22 22:45:05,844 [INFO] httpx: HTTP Request: POST https://api.telegram.org/bot8906918185:AAEkad7nO3ZDckFOaeHbwld3zbhOih9xvmQ/getUpdates "HTTP/1.1 200 OK"
2026-07-22 22:45:16,060 [INFO] httpx: HTTP Request: POST https://api.telegram.org/bot8906918185:AAEkad7nO3ZDckFOaeHbwld3zbhOih9xvmQ/getUpdates "HTTP/1.1 200 OK"
2026-07-22 22:45:26,279 [INFO] httpx: HTTP Request: POST https://api.telegram.org/bot8906918185:AAEkad7nO3ZDckFOaeHbwld3zbhOih9xvmQ/getUpdates "HTTP/1.1 200 OK"
2026-07-22 22:45:36,671 [INFO] httpx: HTTP Request: POST https://api.telegram.org/bot8906918185:AAEkad7nO3ZDckFOaeHbwld3zbhOih9xvmQ/getUpdates "HTTP/1.1 200 OK"
2026-07-22 22:45:46,885 [INFO] httpx: HTTP Request: POST https://api.telegram.org/bot8906918185:AAEkad7nO3ZDckFOaeHbwld3zbhOih9xvmQ/getUpdates "HTTP/1.1 200 OK"
2026-07-22 22:45:57,101 [INFO] httpx: HTTP Request: POST https://api.telegram.org/bot8906918185:AAEkad7nO3ZDckFOaeHbwld3zbhOih9xvmQ/getUpdates "HTTP/1.1 200 OK"
2026-07-22 22:46:07,322 [INFO] httpx: HTTP Request: POST https://api.telegram.org/bot8906918185:AAEkad7nO3ZDckFOaeHbwld3zbhOih9xvmQ/getUpdates "HTTP/1.1 200 OK"
2026-07-22 22:46:17,537 [INFO] httpx: HTTP Request: POST https://api.telegram.org/bot8906918185:AAEkad7nO3ZDckFOaeHbwld3zbhOih9xvmQ/getUpdates "HTTP/1.1 200 OK"
2026-07-22 22:46:27,764 [INFO] httpx: HTTP Request: POST https://api.telegram.org/bot8906918185:AAEkad7nO3ZDckFOaeHbwld3zbhOih9xvmQ/getUpdates "HTTP/1.1 200 OK"
2026-07-22 22:46:37,991 [INFO] httpx: HTTP Request: POST https://api.telegram.org/bot8906918185:AAEkad7nO3ZDckFOaeHbwld3zbhOih9xvmQ/getUpdates "HTTP/1.1 200 OK"
2026-07-22 22:46:48,218 [INFO] httpx: HTTP Request: POST https://api.telegram.org/bot8906918185:AAEkad7nO3ZDckFOaeHbwld3zbhOih9xvmQ/getUpdates "HTTP/1.1 200 OK"
2026-07-22 22:46:58,441 [INFO] httpx: HTTP Request: POST https://api.telegram.org/bot8906918185:AAEkad7nO3ZDckFOaeHbwld3zbhOih9xvmQ/getUpdates "HTTP/1.1 200 OK"
2026-07-22 22:47:08,870 [INFO] httpx: HTTP Request: POST https://api.telegram.org/bot8906918185:AAEkad7nO3ZDckFOaeHbwld3zbhOih9xvmQ/getUpdates "HTTP/1.1 200 OK"
2026-07-22 22:47:19,083 [INFO] httpx: HTTP Request: POST https://api.telegram.org/bot8906918185:AAEkad7nO3ZDckFOaeHbwld3zbhOih9xvmQ/getUpdates "HTTP/1.1 200 OK"
2026-07-22 22:47:29,474 [INFO] httpx: HTTP Request: POST https://api.telegram.org/bot8906918185:AAEkad7nO3ZDckFOaeHbwld3zbhOih9xvmQ/getUpdates "HTTP/1.1 200 OK"
2026-07-22 22:47:39,704 [INFO] httpx: HTTP Request: POST https://api.telegram.org/bot8906918185:AAEkad7nO3ZDckFOaeHbwld3zbhOih9xvmQ/getUpdates "HTTP/1.1 200 OK"
2026-07-22 22:47:49,919 [INFO] httpx: HTTP Request: POST https://api.telegram.org/bot8906918185:AAEkad7nO3ZDckFOaeHbwld3zbhOih9xvmQ/getUpdates "HTTP/1.1 200 OK"
2026-07-22 22:48:00,143 [INFO] httpx: HTTP Request: POST https://api.telegram.org/bot8906918185:AAEkad7nO3ZDckFOaeHbwld3zbhOih9xvmQ/getUpdates "HTTP/1.1 200 OK"
2026-07-22 22:48:10,361 [INFO] httpx: HTTP Request: POST https://api.telegram.org/bot8906918185:AAEkad7nO3ZDckFOaeHbwld3zbhOih9xvmQ/getUpdates "HTTP/1.1 200 OK"
2026-07-22 22:48:20,588 [INFO] httpx: HTTP Request: POST https://api.telegram.org/bot8906918185:AAEkad7nO3ZDckFOaeHbwld3zbhOih9xvmQ/getUpdates "HTTP/1.1 200 OK"
2026-07-22 22:48:31,055 [INFO] httpx: HTTP Request: POST https://api.telegram.org/bot8906918185:AAEkad7nO3ZDckFOaeHbwld3zbhOih9xvmQ/getUpdates "HTTP/1.1 200 OK"
2026-07-22 22:48:41,270 [INFO] httpx: HTTP Request: POST https://api.telegram.org/bot8906918185:AAEkad7nO3ZDckFOaeHbwld3zbhOih9xvmQ/getUpdates "HTTP/1.1 200 OK"
2026-07-22 22:48:51,665 [INFO] httpx: HTTP Request: POST https://api.telegram.org/bot8906918185:AAEkad7nO3ZDckFOaeHbwld3zbhOih9xvmQ/getUpdates "HTTP/1.1 200 OK"
2026-07-22 22:49:01,919 [INFO] httpx: HTTP Request: POST https://api.telegram.org/bot8906918185:AAEkad7nO3ZDckFOaeHbwld3zbhOih9xvmQ/getUpdates "HTTP/1.1 200 OK"
2026-07-22 22:49:12,147 [INFO] httpx: HTTP Request: POST https://api.telegram.org/bot8906918185:AAEkad7nO3ZDckFOaeHbwld3zbhOih9xvmQ/getUpdates "HTTP/1.1 200 OK"
2026-07-22 22:49:22,364 [INFO] httpx: HTTP Request: POST https://api.telegram.org/bot8906918185:AAEkad7nO3ZDckFOaeHbwld3zbhOih9xvmQ/getUpdates "HTTP/1.1 200 OK"
2026-07-22 22:49:32,748 [INFO] httpx: HTTP Request: POST https://api.telegram.org/bot8906918185:AAEkad7nO3ZDckFOaeHbwld3zbhOih9xvmQ/getUpdates "HTTP/1.1 200 OK"
2026-07-22 22:49:42,963 [INFO] httpx: HTTP Request: POST https://api.telegram.org/bot8906918185:AAEkad7nO3ZDckFOaeHbwld3zbhOih9xvmQ/getUpdates "HTTP/1.1 200 OK"
2026-07-22 22:49:53,180 [INFO] httpx: HTTP Request: POST https://api.telegram.org/bot8906918185:AAEkad7nO3ZDckFOaeHbwld3zbhOih9xvmQ/getUpdates "HTTP/1.1 200 OK"
2026-07-22 22:50:03,579 [INFO] httpx: HTTP Request: POST https://api.telegram.org/bot8906918185:AAEkad7nO3ZDckFOaeHbwld3zbhOih9xvmQ/getUpdates "HTTP/1.1 200 OK"
2026-07-22 22:50:13,794 [INFO] httpx: HTTP Request: POST https://api.telegram.org/bot8906918185:AAEkad7nO3ZDckFOaeHbwld3zbhOih9xvmQ/getUpdates "HTTP/1.1 200 OK"
2026-07-22 22:50:24,253 [INFO] httpx: HTTP Request: POST https://api.telegram.org/bot8906918185:AAEkad7nO3ZDckFOaeHbwld3zbhOih9xvmQ/getUpdates "HTTP/1.1 200 OK"
2026-07-22 22:50:34,718 [INFO] httpx: HTTP Request: POST https://api.telegram.org/bot8906918185:AAEkad7nO3ZDckFOaeHbwld3zbhOih9xvmQ/getUpdates "HTTP/1.1 200 OK"
2026-07-22 22:50:44,937 [INFO] httpx: HTTP Request: POST https://api.telegram.org/bot8906918185:AAEkad7nO3ZDckFOaeHbwld3zbhOih9xvmQ/getUpdates "HTTP/1.1 200 OK"
2026-07-22 22:50:55,335 [INFO] httpx: HTTP Request: POST https://api.telegram.org/bot8906918185:AAEkad7nO3ZDckFOaeHbwld3zbhOih9xvmQ/getUpdates "HTTP/1.1 200 OK"
2026-07-22 22:51:05,795 [INFO] httpx: HTTP Request: POST https://api.telegram.org/bot8906918185:AAEkad7nO3ZDckFOaeHbwld3zbhOih9xvmQ/getUpdates "HTTP/1.1 200 OK"
2026-07-22 22:51:16,010 [INFO] httpx: HTTP Request: POST https://api.telegram.org/bot8906918185:AAEkad7nO3ZDckFOaeHbwld3zbhOih9xvmQ/getUpdates "HTTP/1.1 200 OK"
2026-07-22 22:51:26,225 [INFO] httpx: HTTP Request: POST https://api.telegram.org/bot8906918185:AAEkad7nO3ZDckFOaeHbwld3zbhOih9xvmQ/getUpdates "HTTP/1.1 200 OK"
2026-07-22 22:51:36,440 [INFO] httpx: HTTP Request: POST https://api.telegram.org/bot8906918185:AAEkad7nO3ZDckFOaeHbwld3zbhOih9xvmQ/getUpdates "HTTP/1.1 200 OK"
2026-07-22 22:51:46,653 [INFO] httpx: HTTP Request: POST https://api.telegram.org/bot8906918185:AAEkad7nO3ZDckFOaeHbwld3zbhOih9xvmQ/getUpdates "HTTP/1.1 200 OK"
2026-07-22 22:51:57,122 [INFO] httpx: HTTP Request: POST https://api.telegram.org/bot8906918185:AAEkad7nO3ZDckFOaeHbwld3zbhOih9xvmQ/getUpdates "HTTP/1.1 200 OK"
2026-07-22 22:52:07,341 [INFO] httpx: HTTP Request: POST https://api.telegram.org/bot8906918185:AAEkad7nO3ZDckFOaeHbwld3zbhOih9xvmQ/getUpdates "HTTP/1.1 200 OK"
2026-07-22 22:52:17,565 [INFO] httpx: HTTP Request: POST https://api.telegram.org/bot8906918185:AAEkad7nO3ZDckFOaeHbwld3zbhOih9xvmQ/getUpdates "HTTP/1.1 200 OK"
2026-07-22 22:52:27,954 [INFO] httpx: HTTP Request: POST https://api.telegram.org/bot8906918185:AAEkad7nO3ZDckFOaeHbwld3zbhOih9xvmQ/getUpdates "HTTP/1.1 200 OK"
2026-07-22 22:52:38,173 [INFO] httpx: HTTP Request: POST https://api.telegram.org/bot8906918185:AAEkad7nO3ZDckFOaeHbwld3zbhOih9xvmQ/getUpdates "HTTP/1.1 200 OK"
2026-07-22 22:52:48,641 [INFO] httpx: HTTP Request: POST https://api.telegram.org/bot8906918185:AAEkad7nO3ZDckFOaeHbwld3zbhOih9xvmQ/getUpdates "HTTP/1.1 200 OK"
2026-07-22 22:52:59,099 [INFO] httpx: HTTP Request: POST https://api.telegram.org/bot8906918185:AAEkad7nO3ZDckFOaeHbwld3zbhOih9xvmQ/getUpdates "HTTP/1.1 200 OK"
2026-07-22 22:53:09,486 [INFO] httpx: HTTP Request: POST https://api.telegram.org/bot8906918185:AAEkad7nO3ZDckFOaeHbwld3zbhOih9xvmQ/getUpdates "HTTP/1.1 200 OK"
2026-07-22 22:53:19,703 [INFO] httpx: HTTP Request: POST https://api.telegram.org/bot8906918185:AAEkad7nO3ZDckFOaeHbwld3zbhOih9xvmQ/getUpdates "HTTP/1.1 200 OK"
2026-07-22 22:53:29,918 [INFO] httpx: HTTP Request: POST https://api.telegram.org/bot8906918185:AAEkad7nO3ZDckFOaeHbwld3zbhOih9xvmQ/getUpdates "HTTP/1.1 200 OK"
2026-07-22 22:53:40,137 [INFO] httpx: HTTP Request: POST https://api.telegram.org/bot8906918185:AAEkad7nO3ZDckFOaeHbwld3zbhOih9xvmQ/getUpdates "HTTP/1.1 200 OK"
2026-07-22 22:53:50,522 [INFO] httpx: HTTP Request: POST https://api.telegram.org/bot8906918185:AAEkad7nO3ZDckFOaeHbwld3zbhOih9xvmQ/getUpdates "HTTP/1.1 200 OK"
2026-07-22 22:54:00,753 [INFO] httpx: HTTP Request: POST https://api.telegram.org/bot8906918185:AAEkad7nO3ZDckFOaeHbwld3zbhOih9xvmQ/getUpdates "HTTP/1.1 200 OK"
2026-07-22 22:54:11,216 [INFO] httpx: HTTP Request: POST https://api.telegram.org/bot8906918185:AAEkad7nO3ZDckFOaeHbwld3zbhOih9xvmQ/getUpdates "HTTP/1.1 200 OK"
2026-07-22 22:54:21,434 [INFO] httpx: HTTP Request: POST https://api.telegram.org/bot8906918185:AAEkad7nO3ZDckFOaeHbwld3zbhOih9xvmQ/getUpdates "HTTP/1.1 200 OK"
2026-07-22 22:54:31,652 [INFO] httpx: HTTP Request: POST https://api.telegram.org/bot8906918185:AAEkad7nO3ZDckFOaeHbwld3zbhOih9xvmQ/getUpdates "HTTP/1.1 200 OK"
2026-07-22 22:54:41,892 [INFO] httpx: HTTP Request: POST https://api.telegram.org/bot8906918185:AAEkad7nO3ZDckFOaeHbwld3zbhOih9xvmQ/getUpdates "HTTP/1.1 200 OK"
2026-07-22 22:54:52,118 [INFO] httpx: HTTP Request: POST https://api.telegram.org/bot8906918185:AAEkad7nO3ZDckFOaeHbwld3zbhOih9xvmQ/getUpdates "HTTP/1.1 200 OK"
2026-07-22 22:55:02,333 [INFO] httpx: HTTP Request: POST https://api.telegram.org/bot8906918185:AAEkad7nO3ZDckFOaeHbwld3zbhOih9xvmQ/getUpdates "HTTP/1.1 200 OK"
2026-07-22 22:55:12,832 [INFO] httpx: HTTP Request: POST https://api.telegram.org/bot8906918185:AAEkad7nO3ZDckFOaeHbwld3zbhOih9xvmQ/getUpdates "HTTP/1.1 200 OK"
2026-07-22 22:55:23,219 [INFO] httpx: HTTP Request: POST https://api.telegram.org/bot8906918185:AAEkad7nO3ZDckFOaeHbwld3zbhOih9xvmQ/getUpdates "HTTP/1.1 200 OK"
2026-07-22 22:55:33,434 [INFO] httpx: HTTP Request: POST https://api.telegram.org/bot8906918185:AAEkad7nO3ZDckFOaeHbwld3zbhOih9xvmQ/getUpdates "HTTP/1.1 200 OK"
2026-07-22 22:55:43,655 [INFO] httpx: HTTP Request: POST https://api.telegram.org/bot8906918185:AAEkad7nO3ZDckFOaeHbwld3zbhOih9xvmQ/getUpdates "HTTP/1.1 200 OK"
2026-07-22 22:55:53,874 [INFO] httpx: HTTP Request: POST https://api.telegram.org/bot8906918185:AAEkad7nO3ZDckFOaeHbwld3zbhOih9xvmQ/getUpdates "HTTP/1.1 200 OK"
2026-07-22 22:56:04,106 [INFO] httpx: HTTP Request: POST https://api.telegram.org/bot8906918185:AAEkad7nO3ZDckFOaeHbwld3zbhOih9xvmQ/getUpdates "HTTP/1.1 200 OK"
2026-07-22 22:56:14,322 [INFO] httpx: HTTP Request: POST https://api.telegram.org/bot8906918185:AAEkad7nO3ZDckFOaeHbwld3zbhOih9xvmQ/getUpdates "HTTP/1.1 200 OK"
2026-07-22 22:56:24,539 [INFO] httpx: HTTP Request: POST https://api.telegram.org/bot8906918185:AAEkad7nO3ZDckFOaeHbwld3zbhOih9xvmQ/getUpdates "HTTP/1.1 200 OK"
2026-07-22 22:56:34,757 [INFO] httpx: HTTP Request: POST https://api.telegram.org/bot8906918185:AAEkad7nO3ZDckFOaeHbwld3zbhOih9xvmQ/getUpdates "HTTP/1.1 200 OK"
2026-07-22 22:56:44,982 [INFO] httpx: HTTP Request: POST https://api.telegram.org/bot8906918185:AAEkad7nO3ZDckFOaeHbwld3zbhOih9xvmQ/getUpdates "HTTP/1.1 200 OK"
2026-07-22 22:56:55,453 [INFO] httpx: HTTP Request: POST https://api.telegram.org/bot8906918185:AAEkad7nO3ZDckFOaeHbwld3zbhOih9xvmQ/getUpdates "HTTP/1.1 200 OK"
2026-07-22 22:57:05,676 [INFO] httpx: HTTP Request: POST https://api.telegram.org/bot8906918185:AAEkad7nO3ZDckFOaeHbwld3zbhOih9xvmQ/getUpdates "HTTP/1.1 200 OK"
2026-07-22 22:57:15,895 [INFO] httpx: HTTP Request: POST https://api.telegram.org/bot8906918185:AAEkad7nO3ZDckFOaeHbwld3zbhOih9xvmQ/getUpdates "HTTP/1.1 200 OK"
2026-07-22 22:57:27,259 [INFO] httpx: HTTP Request: POST https://api.telegram.org/bot8906918185:AAEkad7nO3ZDckFOaeHbwld3zbhOih9xvmQ/getUpdates "HTTP/1.1 200 OK"
2026-07-22 22:57:37,484 [INFO] httpx: HTTP Request: POST https://api.telegram.org/bot8906918185:AAEkad7nO3ZDckFOaeHbwld3zbhOih9xvmQ/getUpdates "HTTP/1.1 200 OK"
2026-07-22 22:57:47,700 [INFO] httpx: HTTP Request: POST https://api.telegram.org/bot8906918185:AAEkad7nO3ZDckFOaeHbwld3zbhOih9xvmQ/getUpdates "HTTP/1.1 200 OK"
2026-07-22 22:57:57,916 [INFO] httpx: HTTP Request: POST https://api.telegram.org/bot8906918185:AAEkad7nO3ZDckFOaeHbwld3zbhOih9xvmQ/getUpdates "HTTP/1.1 200 OK"
2026-07-22 22:58:08,305 [INFO] httpx: HTTP Request: POST https://api.telegram.org/bot8906918185:AAEkad7nO3ZDckFOaeHbwld3zbhOih9xvmQ/getUpdates "HTTP/1.1 200 OK"
2026-07-22 22:58:18,517 [INFO] httpx: HTTP Request: POST https://api.telegram.org/bot8906918185:AAEkad7nO3ZDckFOaeHbwld3zbhOih9xvmQ/getUpdates "HTTP/1.1 200 OK"
2026-07-22 22:58:28,733 [INFO] httpx: HTTP Request: POST https://api.telegram.org/bot8906918185:AAEkad7nO3ZDckFOaeHbwld3zbhOih9xvmQ/getUpdates "HTTP/1.1 200 OK"
2026-07-22 22:58:39,186 [INFO] httpx: HTTP Request: POST https://api.telegram.org/bot8906918185:AAEkad7nO3ZDckFOaeHbwld3zbhOih9xvmQ/getUpdates "HTTP/1.1 200 OK"
2026-07-22 22:58:49,404 [INFO] httpx: HTTP Request: POST https://api.telegram.org/bot8906918185:AAEkad7nO3ZDckFOaeHbwld3zbhOih9xvmQ/getUpdates "HTTP/1.1 200 OK"
2026-07-22 22:58:59,625 [INFO] httpx: HTTP Request: POST https://api.telegram.org/bot8906918185:AAEkad7nO3ZDckFOaeHbwld3zbhOih9xvmQ/getUpdates "HTTP/1.1 200 OK"
2026-07-22 22:59:09,843 [INFO] httpx: HTTP Request: POST https://api.telegram.org/bot8906918185:AAEkad7nO3ZDckFOaeHbwld3zbhOih9xvmQ/getUpdates "HTTP/1.1 200 OK"
2026-07-22 22:59:20,066 [INFO] httpx: HTTP Request: POST https://api.telegram.org/bot8906918185:AAEkad7nO3ZDckFOaeHbwld3zbhOih9xvmQ/getUpdates "HTTP/1.1 200 OK"
2026-07-22 22:59:30,279 [INFO] httpx: HTTP Request: POST https://api.telegram.org/bot8906918185:AAEkad7nO3ZDckFOaeHbwld3zbhOih9xvmQ/getUpdates "HTTP/1.1 200 OK"
2026-07-22 22:59:40,493 [INFO] httpx: HTTP Request: POST https://api.telegram.org/bot8906918185:AAEkad7nO3ZDckFOaeHbwld3zbhOih9xvmQ/getUpdates "HTTP/1.1 200 OK"
2026-07-22 22:59:50,715 [INFO] httpx: HTTP Request: POST https://api.telegram.org/bot8906918185:AAEkad7nO3ZDckFOaeHbwld3zbhOih9xvmQ/getUpdates "HTTP/1.1 200 OK"
2026-07-22 23:00:00,930 [INFO] httpx: HTTP Request: POST https://api.telegram.org/bot8906918185:AAEkad7nO3ZDckFOaeHbwld3zbhOih9xvmQ/getUpdates "HTTP/1.1 200 OK"
2026-07-22 23:00:11,152 [INFO] httpx: HTTP Request: POST https://api.telegram.org/bot8906918185:AAEkad7nO3ZDckFOaeHbwld3zbhOih9xvmQ/getUpdates "HTTP/1.1 200 OK"
2026-07-22 23:00:21,370 [INFO] httpx: HTTP Request: POST https://api.telegram.org/bot8906918185:AAEkad7nO3ZDckFOaeHbwld3zbhOih9xvmQ/getUpdates "HTTP/1.1 200 OK"
2026-07-22 23:00:31,597 [INFO] httpx: HTTP Request: POST https://api.telegram.org/bot8906918185:AAEkad7nO3ZDckFOaeHbwld3zbhOih9xvmQ/getUpdates "HTTP/1.1 200 OK"
2026-07-22 23:00:41,817 [INFO] httpx: HTTP Request: POST https://api.telegram.org/bot8906918185:AAEkad7nO3ZDckFOaeHbwld3zbhOih9xvmQ/getUpdates "HTTP/1.1 200 OK"
2026-07-22 23:00:52,034 [INFO] httpx: HTTP Request: POST https://api.telegram.org/bot8906918185:AAEkad7nO3ZDckFOaeHbwld3zbhOih9xvmQ/getUpdates "HTTP/1.1 200 OK"
2026-07-22 23:01:02,251 [INFO] httpx: HTTP Request: POST https://api.telegram.org/bot8906918185:AAEkad7nO3ZDckFOaeHbwld3zbhOih9xvmQ/getUpdates "HTTP/1.1 200 OK"
2026-07-22 23:01:12,468 [INFO] httpx: HTTP Request: POST https://api.telegram.org/bot8906918185:AAEkad7nO3ZDckFOaeHbwld3zbhOih9xvmQ/getUpdates "HTTP/1.1 200 OK"
2026-07-22 23:01:22,683 [INFO] httpx: HTTP Request: POST https://api.telegram.org/bot8906918185:AAEkad7nO3ZDckFOaeHbwld3zbhOih9xvmQ/getUpdates "HTTP/1.1 200 OK"
2026-07-22 23:01:32,898 [INFO] httpx: HTTP Request: POST https://api.telegram.org/bot8906918185:AAEkad7nO3ZDckFOaeHbwld3zbhOih9xvmQ/getUpdates "HTTP/1.1 200 OK"
2026-07-22 23:01:43,374 [INFO] httpx: HTTP Request: POST https://api.telegram.org/bot8906918185:AAEkad7nO3ZDckFOaeHbwld3zbhOih9xvmQ/getUpdates "HTTP/1.1 200 OK"
2026-07-22 23:01:53,592 [INFO] httpx: HTTP Request: POST https://api.telegram.org/bot8906918185:AAEkad7nO3ZDckFOaeHbwld3zbhOih9xvmQ/getUpdates "HTTP/1.1 200 OK"
2026-07-22 23:02:03,823 [INFO] httpx: HTTP Request: POST https://api.telegram.org/bot8906918185:AAEkad7nO3ZDckFOaeHbwld3zbhOih9xvmQ/getUpdates "HTTP/1.1 200 OK"
2026-07-22 23:02:14,037 [INFO] httpx: HTTP Request: POST https://api.telegram.org/bot8906918185:AAEkad7nO3ZDckFOaeHbwld3zbhOih9xvmQ/getUpdates "HTTP/1.1 200 OK"
2026-07-22 23:02:24,269 [INFO] httpx: HTTP Request: POST https://api.telegram.org/bot8906918185:AAEkad7nO3ZDckFOaeHbwld3zbhOih9xvmQ/getUpdates "HTTP/1.1 200 OK"
2026-07-22 23:02:34,483 [INFO] httpx: HTTP Request: POST https://api.telegram.org/bot8906918185:AAEkad7nO3ZDckFOaeHbwld3zbhOih9xvmQ/getUpdates "HTTP/1.1 200 OK"
2026-07-22 23:02:44,708 [INFO] httpx: HTTP Request: POST https://api.telegram.org/bot8906918185:AAEkad7nO3ZDckFOaeHbwld3zbhOih9xvmQ/getUpdates "HTTP/1.1 200 OK"
2026-07-22 23:02:54,929 [INFO] httpx: HTTP Request: POST https://api.telegram.org/bot8906918185:AAEkad7nO3ZDckFOaeHbwld3zbhOih9xvmQ/getUpdates "HTTP/1.1 200 OK"
2026-07-22 23:03:05,144 [INFO] httpx: HTTP Request: POST https://api.telegram.org/bot8906918185:AAEkad7nO3ZDckFOaeHbwld3zbhOih9xvmQ/getUpdates "HTTP/1.1 200 OK"
2026-07-22 23:03:15,378 [INFO] httpx: HTTP Request: POST https://api.telegram.org/bot8906918185:AAEkad7nO3ZDckFOaeHbwld3zbhOih9xvmQ/getUpdates "HTTP/1.1 200 OK"
2026-07-22 23:03:25,766 [INFO] httpx: HTTP Request: POST https://api.telegram.org/bot8906918185:AAEkad7nO3ZDckFOaeHbwld3zbhOih9xvmQ/getUpdates "HTTP/1.1 200 OK"
2026-07-22 23:03:35,979 [INFO] httpx: HTTP Request: POST https://api.telegram.org/bot8906918185:AAEkad7nO3ZDckFOaeHbwld3zbhOih9xvmQ/getUpdates "HTTP/1.1 200 OK"
2026-07-22 23:03:46,196 [INFO] httpx: HTTP Request: POST https://api.telegram.org/bot8906918185:AAEkad7nO3ZDckFOaeHbwld3zbhOih9xvmQ/getUpdates "HTTP/1.1 200 OK"
2026-07-22 23:03:56,416 [INFO] httpx: HTTP Request: POST https://api.telegram.org/bot8906918185:AAEkad7nO3ZDckFOaeHbwld3zbhOih9xvmQ/getUpdates "HTTP/1.1 200 OK"
2026-07-22 23:04:06,633 [INFO] httpx: HTTP Request: POST https://api.telegram.org/bot8906918185:AAEkad7nO3ZDckFOaeHbwld3zbhOih9xvmQ/getUpdates "HTTP/1.1 200 OK"
2026-07-22 23:04:16,855 [INFO] httpx: HTTP Request: POST https://api.telegram.org/bot8906918185:AAEkad7nO3ZDckFOaeHbwld3zbhOih9xvmQ/getUpdates "HTTP/1.1 200 OK"
2026-07-22 23:04:27,072 [INFO] httpx: HTTP Request: POST https://api.telegram.org/bot8906918185:AAEkad7nO3ZDckFOaeHbwld3zbhOih9xvmQ/getUpdates "HTTP/1.1 200 OK"
2026-07-22 23:04:37,538 [INFO] httpx: HTTP Request: POST https://api.telegram.org/bot8906918185:AAEkad7nO3ZDckFOaeHbwld3zbhOih9xvmQ/getUpdates "HTTP/1.1 200 OK"
2026-07-22 23:04:47,750 [INFO] httpx: HTTP Request: POST https://api.telegram.org/bot8906918185:AAEkad7nO3ZDckFOaeHbwld3zbhOih9xvmQ/getUpdates "HTTP/1.1 200 OK"
2026-07-22 23:04:57,966 [INFO] httpx: HTTP Request: POST https://api.telegram.org/bot8906918185:AAEkad7nO3ZDckFOaeHbwld3zbhOih9xvmQ/getUpdates "HTTP/1.1 200 OK"
2026-07-22 23:05:08,179 [INFO] httpx: HTTP Request: POST https://api.telegram.org/bot8906918185:AAEkad7nO3ZDckFOaeHbwld3zbhOih9xvmQ/getUpdates "HTTP/1.1 200 OK"
2026-07-22 23:05:18,401 [INFO] httpx: HTTP Request: POST https://api.telegram.org/bot8906918185:AAEkad7nO3ZDckFOaeHbwld3zbhOih9xvmQ/getUpdates "HTTP/1.1 200 OK"
2026-07-22 23:05:28,625 [INFO] httpx: HTTP Request: POST https://api.telegram.org/bot8906918185:AAEkad7nO3ZDckFOaeHbwld3zbhOih9xvmQ/getUpdates "HTTP/1.1 200 OK"
2026-07-22 23:05:38,838 [INFO] httpx: HTTP Request: POST https://api.telegram.org/bot8906918185:AAEkad7nO3ZDckFOaeHbwld3zbhOih9xvmQ/getUpdates "HTTP/1.1 200 OK"
2026-07-22 23:05:49,229 [INFO] httpx: HTTP Request: POST https://api.telegram.org/bot8906918185:AAEkad7nO3ZDckFOaeHbwld3zbhOih9xvmQ/getUpdates "HTTP/1.1 200 OK"
2026-07-22 23:05:59,448 [INFO] httpx: HTTP Request: POST https://api.telegram.org/bot8906918185:AAEkad7nO3ZDckFOaeHbwld3zbhOih9xvmQ/getUpdates "HTTP/1.1 200 OK"
2026-07-22 23:06:09,668 [INFO] httpx: HTTP Request: POST https://api.telegram.org/bot8906918185:AAEkad7nO3ZDckFOaeHbwld3zbhOih9xvmQ/getUpdates "HTTP/1.1 200 OK"
2026-07-22 23:06:19,918 [INFO] httpx: HTTP Request: POST https://api.telegram.org/bot8906918185:AAEkad7nO3ZDckFOaeHbwld3zbhOih9xvmQ/getUpdates "HTTP/1.1 200 OK"
2026-07-22 23:06:30,136 [INFO] httpx: HTTP Request: POST https://api.telegram.org/bot8906918185:AAEkad7nO3ZDckFOaeHbwld3zbhOih9xvmQ/getUpdates "HTTP/1.1 200 OK"
2026-07-22 23:06:40,349 [INFO] httpx: HTTP Request: POST https://api.telegram.org/bot8906918185:AAEkad7nO3ZDckFOaeHbwld3zbhOih9xvmQ/getUpdates "HTTP/1.1 200 OK"
2026-07-22 23:06:50,565 [INFO] httpx: HTTP Request: POST https://api.telegram.org/bot8906918185:AAEkad7nO3ZDckFOaeHbwld3zbhOih9xvmQ/getUpdates "HTTP/1.1 200 OK"
2026-07-22 23:07:00,780 [INFO] httpx: HTTP Request: POST https://api.telegram.org/bot8906918185:AAEkad7nO3ZDckFOaeHbwld3zbhOih9xvmQ/getUpdates "HTTP/1.1 200 OK"
2026-07-22 23:07:11,238 [INFO] httpx: HTTP Request: POST https://api.telegram.org/bot8906918185:AAEkad7nO3ZDckFOaeHbwld3zbhOih9xvmQ/getUpdates "HTTP/1.1 200 OK"
2026-07-22 23:07:21,459 [INFO] httpx: HTTP Request: POST https://api.telegram.org/bot8906918185:AAEkad7nO3ZDckFOaeHbwld3zbhOih9xvmQ/getUpdates "HTTP/1.1 200 OK"
2026-07-22 23:07:31,685 [INFO] httpx: HTTP Request: POST https://api.telegram.org/bot8906918185:AAEkad7nO3ZDckFOaeHbwld3zbhOih9xvmQ/getUpdates "HTTP/1.1 200 OK"
2026-07-22 23:07:41,899 [INFO] httpx: HTTP Request: POST https://api.telegram.org/bot8906918185:AAEkad7nO3ZDckFOaeHbwld3zbhOih9xvmQ/getUpdates "HTTP/1.1 200 OK"
2026-07-22 23:07:52,117 [INFO] httpx: HTTP Request: POST https://api.telegram.org/bot8906918185:AAEkad7nO3ZDckFOaeHbwld3zbhOih9xvmQ/getUpdates "HTTP/1.1 200 OK"
2026-07-22 23:08:02,342 [INFO] httpx: HTTP Request: POST https://api.telegram.org/bot8906918185:AAEkad7nO3ZDckFOaeHbwld3zbhOih9xvmQ/getUpdates "HTTP/1.1 200 OK"
2026-07-22 23:08:12,556 [INFO] httpx: HTTP Request: POST https://api.telegram.org/bot8906918185:AAEkad7nO3ZDckFOaeHbwld3zbhOih9xvmQ/getUpdates "HTTP/1.1 200 OK"
2026-07-22 23:08:22,772 [INFO] httpx: HTTP Request: POST https://api.telegram.org/bot8906918185:AAEkad7nO3ZDckFOaeHbwld3zbhOih9xvmQ/getUpdates "HTTP/1.1 200 OK"
2026-07-22 23:08:32,995 [INFO] httpx: HTTP Request: POST https://api.telegram.org/bot8906918185:AAEkad7nO3ZDckFOaeHbwld3zbhOih9xvmQ/getUpdates "HTTP/1.1 200 OK"
2026-07-22 23:08:43,463 [INFO] httpx: HTTP Request: POST https://api.telegram.org/bot8906918185:AAEkad7nO3ZDckFOaeHbwld3zbhOih9xvmQ/getUpdates "HTTP/1.1 200 OK"
2026-07-22 23:08:53,689 [INFO] httpx: HTTP Request: POST https://api.telegram.org/bot8906918185:AAEkad7nO3ZDckFOaeHbwld3zbhOih9xvmQ/getUpdates "HTTP/1.1 200 OK"
2026-07-22 23:09:03,906 [INFO] httpx: HTTP Request: POST https://api.telegram.org/bot8906918185:AAEkad7nO3ZDckFOaeHbwld3zbhOih9xvmQ/getUpdates "HTTP/1.1 200 OK"
2026-07-22 23:09:14,120 [INFO] httpx: HTTP Request: POST https://api.telegram.org/bot8906918185:AAEkad7nO3ZDckFOaeHbwld3zbhOih9xvmQ/getUpdates "HTTP/1.1 200 OK"
2026-07-22 23:09:24,335 [INFO] httpx: HTTP Request: POST https://api.telegram.org/bot8906918185:AAEkad7nO3ZDckFOaeHbwld3zbhOih9xvmQ/getUpdates "HTTP/1.1 200 OK"
2026-07-22 23:09:34,556 [INFO] httpx: HTTP Request: POST https://api.telegram.org/bot8906918185:AAEkad7nO3ZDckFOaeHbwld3zbhOih9xvmQ/getUpdates "HTTP/1.1 200 OK"
2026-07-22 23:09:44,787 [INFO] httpx: HTTP Request: POST https://api.telegram.org/bot8906918185:AAEkad7nO3ZDckFOaeHbwld3zbhOih9xvmQ/getUpdates "HTTP/1.1 200 OK"
2026-07-22 23:09:55,011 [INFO] httpx: HTTP Request: POST https://api.telegram.org/bot8906918185:AAEkad7nO3ZDckFOaeHbwld3zbhOih9xvmQ/getUpdates "HTTP/1.1 200 OK"
2026-07-22 23:10:05,234 [INFO] httpx: HTTP Request: POST https://api.telegram.org/bot8906918185:AAEkad7nO3ZDckFOaeHbwld3zbhOih9xvmQ/getUpdates "HTTP/1.1 200 OK"
2026-07-22 23:10:15,703 [INFO] httpx: HTTP Request: POST https://api.telegram.org/bot8906918185:AAEkad7nO3ZDckFOaeHbwld3zbhOih9xvmQ/getUpdates "HTTP/1.1 200 OK"
2026-07-22 23:10:25,921 [INFO] httpx: HTTP Request: POST https://api.telegram.org/bot8906918185:AAEkad7nO3ZDckFOaeHbwld3zbhOih9xvmQ/getUpdates "HTTP/1.1 200 OK"
2026-07-22 23:10:36,137 [INFO] httpx: HTTP Request: POST https://api.telegram.org/bot8906918185:AAEkad7nO3ZDckFOaeHbwld3zbhOih9xvmQ/getUpdates "HTTP/1.1 200 OK"
2026-07-22 23:10:46,366 [INFO] httpx: HTTP Request: POST https://api.telegram.org/bot8906918185:AAEkad7nO3ZDckFOaeHbwld3zbhOih9xvmQ/getUpdates "HTTP/1.1 200 OK"
2026-07-22 23:10:56,581 [INFO] httpx: HTTP Request: POST https://api.telegram.org/bot8906918185:AAEkad7nO3ZDckFOaeHbwld3zbhOih9xvmQ/getUpdates "HTTP/1.1 200 OK"
2026-07-22 23:11:06,798 [INFO] httpx: HTTP Request: POST https://api.telegram.org/bot8906918185:AAEkad7nO3ZDckFOaeHbwld3zbhOih9xvmQ/getUpdates "HTTP/1.1 200 OK"
2026-07-22 23:11:17,259 [INFO] httpx: HTTP Request: POST https://api.telegram.org/bot8906918185:AAEkad7nO3ZDckFOaeHbwld3zbhOih9xvmQ/getUpdates "HTTP/1.1 200 OK"
2026-07-22 23:11:27,478 [INFO] httpx: HTTP Request: POST https://api.telegram.org/bot8906918185:AAEkad7nO3ZDckFOaeHbwld3zbhOih9xvmQ/getUpdates "HTTP/1.1 200 OK"
2026-07-22 23:11:37,698 [INFO] httpx: HTTP Request: POST https://api.telegram.org/bot8906918185:AAEkad7nO3ZDckFOaeHbwld3zbhOih9xvmQ/getUpdates "HTTP/1.1 200 OK"
2026-07-22 23:11:48,086 [INFO] httpx: HTTP Request: POST https://api.telegram.org/bot8906918185:AAEkad7nO3ZDckFOaeHbwld3zbhOih9xvmQ/getUpdates "HTTP/1.1 200 OK"
2026-07-22 23:11:58,307 [INFO] httpx: HTTP Request: POST https://api.telegram.org/bot8906918185:AAEkad7nO3ZDckFOaeHbwld3zbhOih9xvmQ/getUpdates "HTTP/1.1 200 OK"
2026-07-22 23:12:08,519 [INFO] httpx: HTTP Request: POST https://api.telegram.org/bot8906918185:AAEkad7nO3ZDckFOaeHbwld3zbhOih9xvmQ/getUpdates "HTTP/1.1 200 OK"
2026-07-22 23:12:18,912 [INFO] httpx: HTTP Request: POST https://api.telegram.org/bot8906918185:AAEkad7nO3ZDckFOaeHbwld3zbhOih9xvmQ/getUpdates "HTTP/1.1 200 OK"
2026-07-22 23:12:29,135 [INFO] httpx: HTTP Request: POST https://api.telegram.org/bot8906918185:AAEkad7nO3ZDckFOaeHbwld3zbhOih9xvmQ/getUpdates "HTTP/1.1 200 OK"
2026-07-22 23:12:39,376 [INFO] httpx: HTTP Request: POST https://api.telegram.org/bot8906918185:AAEkad7nO3ZDckFOaeHbwld3zbhOih9xvmQ/getUpdates "HTTP/1.1 200 OK"
2026-07-22 23:12:49,591 [INFO] httpx: HTTP Request: POST https://api.telegram.org/bot8906918185:AAEkad7nO3ZDckFOaeHbwld3zbhOih9xvmQ/getUpdates "HTTP/1.1 200 OK"
2026-07-22 23:12:59,807 [INFO] httpx: HTTP Request: POST https://api.telegram.org/bot8906918185:AAEkad7nO3ZDckFOaeHbwld3zbhOih9xvmQ/getUpdates "HTTP/1.1 200 OK"
2026-07-22 23:13:10,027 [INFO] httpx: HTTP Request: POST https://api.telegram.org/bot8906918185:AAEkad7nO3ZDckFOaeHbwld3zbhOih9xvmQ/getUpdates "HTTP/1.1 200 OK"
2026-07-22 23:13:20,245 [INFO] httpx: HTTP Request: POST https://api.telegram.org/bot8906918185:AAEkad7nO3ZDckFOaeHbwld3zbhOih9xvmQ/getUpdates "HTTP/1.1 200 OK"
2026-07-22 23:13:30,460 [INFO] httpx: HTTP Request: POST https://api.telegram.org/bot8906918185:AAEkad7nO3ZDckFOaeHbwld3zbhOih9xvmQ/getUpdates "HTTP/1.1 200 OK"
2026-07-22 23:13:40,684 [INFO] httpx: HTTP Request: POST https://api.telegram.org/bot8906918185:AAEkad7nO3ZDckFOaeHbwld3zbhOih9xvmQ/getUpdates "HTTP/1.1 200 OK"
2026-07-22 23:13:50,902 [INFO] httpx: HTTP Request: POST https://api.telegram.org/bot8906918185:AAEkad7nO3ZDckFOaeHbwld3zbhOih9xvmQ/getUpdates "HTTP/1.1 200 OK"
2026-07-22 23:14:01,128 [INFO] httpx: HTTP Request: POST https://api.telegram.org/bot8906918185:AAEkad7nO3ZDckFOaeHbwld3zbhOih9xvmQ/getUpdates "HTTP/1.1 200 OK"
2026-07-23 09:57:42,578 [INFO] AutoAIBot: Initializing AutoAI Telegram Bot...
2026-07-23 09:57:42,945 [INFO] AutoAIBot: AutoAI Bot is polling for updates...
2026-07-23 09:57:43,928 [INFO] httpx: HTTP Request: POST https://api.telegram.org/bot8906918185:AAEkad7nO3ZDckFOaeHbwld3zbhOih9xvmQ/getMe "HTTP/1.1 200 OK"
2026-07-23 09:57:44,139 [INFO] httpx: HTTP Request: POST https://api.telegram.org/bot8906918185:AAEkad7nO3ZDckFOaeHbwld3zbhOih9xvmQ/deleteWebhook "HTTP/1.1 200 OK"
2026-07-23 09:57:44,140 [INFO] telegram.ext.Application: Application started
2026-07-23 09:57:55,570 [INFO] httpx: HTTP Request: POST https://api.telegram.org/bot8906918185:AAEkad7nO3ZDckFOaeHbwld3zbhOih9xvmQ/getUpdates "HTTP/1.1 200 OK"
2026-07-23 09:58:06,093 [INFO] httpx: HTTP Request: POST https://api.telegram.org/bot8906918185:AAEkad7nO3ZDckFOaeHbwld3zbhOih9xvmQ/getUpdates "HTTP/1.1 200 OK"
2026-07-23 09:58:16,360 [INFO] httpx: HTTP Request: POST https://api.telegram.org/bot8906918185:AAEkad7nO3ZDckFOaeHbwld3zbhOih9xvmQ/getUpdates "HTTP/1.1 200 OK"
2026-07-23 09:58:26,620 [INFO] httpx: HTTP Request: POST https://api.telegram.org/bot8906918185:AAEkad7nO3ZDckFOaeHbwld3zbhOih9xvmQ/getUpdates "HTTP/1.1 200 OK"
2026-07-23 09:58:36,884 [INFO] httpx: HTTP Request: POST https://api.telegram.org/bot8906918185:AAEkad7nO3ZDckFOaeHbwld3zbhOih9xvmQ/getUpdates "HTTP/1.1 200 OK"
2026-07-23 09:58:47,392 [INFO] httpx: HTTP Request: POST https://api.telegram.org/bot8906918185:AAEkad7nO3ZDckFOaeHbwld3zbhOih9xvmQ/getUpdates "HTTP/1.1 200 OK"
2026-07-23 09:58:57,875 [INFO] httpx: HTTP Request: POST https://api.telegram.org/bot8906918185:AAEkad7nO3ZDckFOaeHbwld3zbhOih9xvmQ/getUpdates "HTTP/1.1 200 OK"
2026-07-23 09:59:08,138 [INFO] httpx: HTTP Request: POST https://api.telegram.org/bot8906918185:AAEkad7nO3ZDckFOaeHbwld3zbhOih9xvmQ/getUpdates "HTTP/1.1 200 OK"
2026-07-23 09:59:18,402 [INFO] httpx: HTTP Request: POST https://api.telegram.org/bot8906918185:AAEkad7nO3ZDckFOaeHbwld3zbhOih9xvmQ/getUpdates "HTTP/1.1 200 OK"
2026-07-23 09:59:28,667 [INFO] httpx: HTTP Request: POST https://api.telegram.org/bot8906918185:AAEkad7nO3ZDckFOaeHbwld3zbhOih9xvmQ/getUpdates "HTTP/1.1 200 OK"
2026-07-23 09:59:31,522 [INFO] httpx: HTTP Request: POST https://api.telegram.org/bot8906918185:AAEkad7nO3ZDckFOaeHbwld3zbhOih9xvmQ/getUpdates "HTTP/1.1 200 OK"
2026-07-23 09:59:32,582 [INFO] httpx: HTTP Request: POST https://api.telegram.org/bot8906918185:AAEkad7nO3ZDckFOaeHbwld3zbhOih9xvmQ/sendChatAction "HTTP/1.1 200 OK"
2026-07-23 09:59:32,806 [INFO] httpx: HTTP Request: POST http://127.0.0.1:8000/auth/register "HTTP/1.1 200 OK"
2026-07-23 09:59:32,806 [INFO] AutoAIBot: User: 1780250348 | Action: POST /auth/register - Status 200 | ResponseTime: 223.22ms
2026-07-23 09:59:33,179 [INFO] httpx: HTTP Request: POST http://127.0.0.1:8000/auth/login "HTTP/1.1 200 OK"
2026-07-23 09:59:33,180 [INFO] AutoAIBot: User: 1780250348 | Action: POST /auth/login - Status 200 | ResponseTime: 372.98ms
2026-07-23 09:59:33,761 [INFO] httpx: HTTP Request: POST https://api.telegram.org/bot8906918185:AAEkad7nO3ZDckFOaeHbwld3zbhOih9xvmQ/sendMessage "HTTP/1.1 200 OK"
2026-07-23 09:59:37,495 [INFO] httpx: HTTP Request: POST https://api.telegram.org/bot8906918185:AAEkad7nO3ZDckFOaeHbwld3zbhOih9xvmQ/getUpdates "HTTP/1.1 200 OK"
2026-07-23 09:59:37,880 [INFO] httpx: HTTP Request: POST https://api.telegram.org/bot8906918185:AAEkad7nO3ZDckFOaeHbwld3zbhOih9xvmQ/sendChatAction "HTTP/1.1 200 OK"
2026-07-23 09:59:38,286 [INFO] httpx: HTTP Request: POST https://api.telegram.org/bot8906918185:AAEkad7nO3ZDckFOaeHbwld3zbhOih9xvmQ/sendMessage "HTTP/1.1 200 OK"
2026-07-23 09:59:45,218 [INFO] httpx: HTTP Request: POST https://api.telegram.org/bot8906918185:AAEkad7nO3ZDckFOaeHbwld3zbhOih9xvmQ/getUpdates "HTTP/1.1 200 OK"
2026-07-23 09:59:46,356 [INFO] httpx: HTTP Request: POST https://api.telegram.org/bot8906918185:AAEkad7nO3ZDckFOaeHbwld3zbhOih9xvmQ/sendMessage "HTTP/1.1 200 OK"
2026-07-23 09:59:48,989 [INFO] httpx: HTTP Request: POST https://api.telegram.org/bot8906918185:AAEkad7nO3ZDckFOaeHbwld3zbhOih9xvmQ/getUpdates "HTTP/1.1 200 OK"
2026-07-23 09:59:49,661 [INFO] httpx: HTTP Request: POST https://api.telegram.org/bot8906918185:AAEkad7nO3ZDckFOaeHbwld3zbhOih9xvmQ/answerCallbackQuery "HTTP/1.1 200 OK"
2026-07-23 09:59:50,161 [INFO] httpx: HTTP Request: POST https://api.telegram.org/bot8906918185:AAEkad7nO3ZDckFOaeHbwld3zbhOih9xvmQ/editMessageText "HTTP/1.1 200 OK"
2026-07-23 09:59:50,754 [INFO] httpx: HTTP Request: POST https://api.telegram.org/bot8906918185:AAEkad7nO3ZDckFOaeHbwld3zbhOih9xvmQ/sendMessage "HTTP/1.1 200 OK"
2026-07-23 09:59:55,685 [INFO] httpx: HTTP Request: POST https://api.telegram.org/bot8906918185:AAEkad7nO3ZDckFOaeHbwld3zbhOih9xvmQ/getUpdates "HTTP/1.1 200 OK"
2026-07-23 09:59:56,322 [INFO] httpx: HTTP Request: POST https://api.telegram.org/bot8906918185:AAEkad7nO3ZDckFOaeHbwld3zbhOih9xvmQ/answerCallbackQuery "HTTP/1.1 200 OK"
2026-07-23 09:59:56,752 [INFO] httpx: HTTP Request: POST https://api.telegram.org/bot8906918185:AAEkad7nO3ZDckFOaeHbwld3zbhOih9xvmQ/editMessageText "HTTP/1.1 200 OK"
2026-07-23 09:59:57,216 [INFO] httpx: HTTP Request: POST https://api.telegram.org/bot8906918185:AAEkad7nO3ZDckFOaeHbwld3zbhOih9xvmQ/sendMessage "HTTP/1.1 200 OK"
2026-07-23 10:00:00,177 [INFO] httpx: HTTP Request: POST https://api.telegram.org/bot8906918185:AAEkad7nO3ZDckFOaeHbwld3zbhOih9xvmQ/getUpdates "HTTP/1.1 200 OK"
2026-07-23 10:00:00,570 [INFO] httpx: HTTP Request: POST https://api.telegram.org/bot8906918185:AAEkad7nO3ZDckFOaeHbwld3zbhOih9xvmQ/answerCallbackQuery "HTTP/1.1 200 OK"
2026-07-23 10:00:00,980 [INFO] httpx: HTTP Request: POST https://api.telegram.org/bot8906918185:AAEkad7nO3ZDckFOaeHbwld3zbhOih9xvmQ/editMessageText "HTTP/1.1 200 OK"
2026-07-23 10:00:01,394 [INFO] httpx: HTTP Request: POST https://api.telegram.org/bot8906918185:AAEkad7nO3ZDckFOaeHbwld3zbhOih9xvmQ/sendMessage "HTTP/1.1 200 OK"
2026-07-23 10:00:03,154 [INFO] httpx: HTTP Request: POST https://api.telegram.org/bot8906918185:AAEkad7nO3ZDckFOaeHbwld3zbhOih9xvmQ/getUpdates "HTTP/1.1 200 OK"
2026-07-23 10:00:03,546 [INFO] httpx: HTTP Request: POST https://api.telegram.org/bot8906918185:AAEkad7nO3ZDckFOaeHbwld3zbhOih9xvmQ/answerCallbackQuery "HTTP/1.1 200 OK"
2026-07-23 10:00:03,955 [INFO] httpx: HTTP Request: POST https://api.telegram.org/bot8906918185:AAEkad7nO3ZDckFOaeHbwld3zbhOih9xvmQ/editMessageText "HTTP/1.1 200 OK"
2026-07-23 10:00:04,372 [INFO] httpx: HTTP Request: POST https://api.telegram.org/bot8906918185:AAEkad7nO3ZDckFOaeHbwld3zbhOih9xvmQ/sendMessage "HTTP/1.1 200 OK"
2026-07-23 10:00:06,459 [INFO] httpx: HTTP Request: POST https://api.telegram.org/bot8906918185:AAEkad7nO3ZDckFOaeHbwld3zbhOih9xvmQ/getUpdates "HTTP/1.1 200 OK"
2026-07-23 10:00:06,860 [INFO] httpx: HTTP Request: POST https://api.telegram.org/bot8906918185:AAEkad7nO3ZDckFOaeHbwld3zbhOih9xvmQ/answerCallbackQuery "HTTP/1.1 200 OK"
2026-07-23 10:00:07,302 [INFO] httpx: HTTP Request: POST https://api.telegram.org/bot8906918185:AAEkad7nO3ZDckFOaeHbwld3zbhOih9xvmQ/editMessageText "HTTP/1.1 200 OK"
2026-07-23 10:00:07,708 [INFO] httpx: HTTP Request: POST https://api.telegram.org/bot8906918185:AAEkad7nO3ZDckFOaeHbwld3zbhOih9xvmQ/sendMessage "HTTP/1.1 200 OK"
2026-07-23 10:00:07,907 [INFO] httpx: HTTP Request: POST http://127.0.0.1:8000/recommend/ "HTTP/1.1 200 OK"
2026-07-23 10:00:07,908 [INFO] AutoAIBot: User: 1780250348 | Action: POST /recommend/ - Status 200 | ResponseTime: 199.66ms
2026-07-23 10:00:08,322 [INFO] httpx: HTTP Request: POST https://api.telegram.org/bot8906918185:AAEkad7nO3ZDckFOaeHbwld3zbhOih9xvmQ/sendMessage "HTTP/1.1 200 OK"
2026-07-23 10:00:08,510 [INFO] httpx: HTTP Request: GET http://127.0.0.1:8000/wishlist/ "HTTP/1.1 200 OK"
2026-07-23 10:00:08,511 [INFO] AutoAIBot: User: 1780250348 | Action: GET /wishlist/ - Status 200 | ResponseTime: 188.41ms
2026-07-23 10:00:09,171 [INFO] httpx: HTTP Request: POST https://api.telegram.org/bot8906918185:AAEkad7nO3ZDckFOaeHbwld3zbhOih9xvmQ/sendPhoto "HTTP/1.1 200 OK"
2026-07-23 10:00:13,942 [INFO] httpx: HTTP Request: POST https://api.telegram.org/bot8906918185:AAEkad7nO3ZDckFOaeHbwld3zbhOih9xvmQ/getUpdates "HTTP/1.1 200 OK"
2026-07-23 10:00:14,336 [INFO] httpx: HTTP Request: POST https://api.telegram.org/bot8906918185:AAEkad7nO3ZDckFOaeHbwld3zbhOih9xvmQ/answerCallbackQuery "HTTP/1.1 200 OK"
2026-07-23 10:00:14,734 [INFO] httpx: HTTP Request: POST https://api.telegram.org/bot8906918185:AAEkad7nO3ZDckFOaeHbwld3zbhOih9xvmQ/deleteMessage "HTTP/1.1 200 OK"
2026-07-23 10:00:14,907 [INFO] httpx: HTTP Request: GET http://127.0.0.1:8000/wishlist/ "HTTP/1.1 200 OK"
2026-07-23 10:00:14,907 [INFO] AutoAIBot: User: 1780250348 | Action: GET /wishlist/ - Status 200 | ResponseTime: 172.19ms
2026-07-23 10:00:15,608 [INFO] httpx: HTTP Request: POST https://api.telegram.org/bot8906918185:AAEkad7nO3ZDckFOaeHbwld3zbhOih9xvmQ/sendPhoto "HTTP/1.1 200 OK"
2026-07-23 10:00:18,508 [INFO] httpx: HTTP Request: POST https://api.telegram.org/bot8906918185:AAEkad7nO3ZDckFOaeHbwld3zbhOih9xvmQ/getUpdates "HTTP/1.1 200 OK"
2026-07-23 10:00:19,094 [INFO] httpx: HTTP Request: POST https://api.telegram.org/bot8906918185:AAEkad7nO3ZDckFOaeHbwld3zbhOih9xvmQ/answerCallbackQuery "HTTP/1.1 200 OK"
2026-07-23 10:00:19,489 [INFO] httpx: HTTP Request: POST https://api.telegram.org/bot8906918185:AAEkad7nO3ZDckFOaeHbwld3zbhOih9xvmQ/deleteMessage "HTTP/1.1 200 OK"
2026-07-23 10:00:19,669 [INFO] httpx: HTTP Request: GET http://127.0.0.1:8000/wishlist/ "HTTP/1.1 200 OK"
2026-07-23 10:00:19,669 [INFO] AutoAIBot: User: 1780250348 | Action: GET /wishlist/ - Status 200 | ResponseTime: 179.04ms
2026-07-23 10:00:20,385 [INFO] httpx: HTTP Request: POST https://api.telegram.org/bot8906918185:AAEkad7nO3ZDckFOaeHbwld3zbhOih9xvmQ/sendPhoto "HTTP/1.1 200 OK"
2026-07-23 10:00:24,821 [INFO] httpx: HTTP Request: POST https://api.telegram.org/bot8906918185:AAEkad7nO3ZDckFOaeHbwld3zbhOih9xvmQ/getUpdates "HTTP/1.1 200 OK"
2026-07-23 10:00:25,392 [INFO] httpx: HTTP Request: POST https://api.telegram.org/bot8906918185:AAEkad7nO3ZDckFOaeHbwld3zbhOih9xvmQ/answerCallbackQuery "HTTP/1.1 200 OK"
2026-07-23 10:00:25,784 [INFO] httpx: HTTP Request: POST https://api.telegram.org/bot8906918185:AAEkad7nO3ZDckFOaeHbwld3zbhOih9xvmQ/deleteMessage "HTTP/1.1 200 OK"
2026-07-23 10:00:25,971 [INFO] httpx: HTTP Request: GET http://127.0.0.1:8000/wishlist/ "HTTP/1.1 200 OK"
2026-07-23 10:00:25,971 [INFO] AutoAIBot: User: 1780250348 | Action: GET /wishlist/ - Status 200 | ResponseTime: 186.28ms
2026-07-23 10:00:26,597 [INFO] httpx: HTTP Request: POST https://api.telegram.org/bot8906918185:AAEkad7nO3ZDckFOaeHbwld3zbhOih9xvmQ/sendPhoto "HTTP/1.1 200 OK"
2026-07-23 10:00:30,366 [INFO] httpx: HTTP Request: POST https://api.telegram.org/bot8906918185:AAEkad7nO3ZDckFOaeHbwld3zbhOih9xvmQ/getUpdates "HTTP/1.1 200 OK"
2026-07-23 10:00:30,755 [INFO] httpx: HTTP Request: POST https://api.telegram.org/bot8906918185:AAEkad7nO3ZDckFOaeHbwld3zbhOih9xvmQ/answerCallbackQuery "HTTP/1.1 200 OK"
2026-07-23 10:00:31,153 [INFO] httpx: HTTP Request: POST https://api.telegram.org/bot8906918185:AAEkad7nO3ZDckFOaeHbwld3zbhOih9xvmQ/deleteMessage "HTTP/1.1 200 OK"
2026-07-23 10:00:31,322 [INFO] httpx: HTTP Request: GET http://127.0.0.1:8000/wishlist/ "HTTP/1.1 200 OK"
2026-07-23 10:00:31,323 [INFO] AutoAIBot: User: 1780250348 | Action: GET /wishlist/ - Status 200 | ResponseTime: 168.67ms
2026-07-23 10:00:31,921 [INFO] httpx: HTTP Request: POST https://api.telegram.org/bot8906918185:AAEkad7nO3ZDckFOaeHbwld3zbhOih9xvmQ/sendPhoto "HTTP/1.1 200 OK"
2026-07-23 10:00:35,532 [INFO] httpx: HTTP Request: POST https://api.telegram.org/bot8906918185:AAEkad7nO3ZDckFOaeHbwld3zbhOih9xvmQ/getUpdates "HTTP/1.1 200 OK"
2026-07-23 10:00:35,928 [INFO] httpx: HTTP Request: POST https://api.telegram.org/bot8906918185:AAEkad7nO3ZDckFOaeHbwld3zbhOih9xvmQ/answerCallbackQuery "HTTP/1.1 200 OK"
2026-07-23 10:00:36,507 [INFO] httpx: HTTP Request: POST https://api.telegram.org/bot8906918185:AAEkad7nO3ZDckFOaeHbwld3zbhOih9xvmQ/deleteMessage "HTTP/1.1 200 OK"
2026-07-23 10:00:36,679 [INFO] httpx: HTTP Request: GET http://127.0.0.1:8000/wishlist/ "HTTP/1.1 200 OK"
2026-07-23 10:00:36,679 [INFO] AutoAIBot: User: 1780250348 | Action: GET /wishlist/ - Status 200 | ResponseTime: 171.03ms
2026-07-23 10:00:37,096 [INFO] httpx: HTTP Request: POST https://api.telegram.org/bot8906918185:AAEkad7nO3ZDckFOaeHbwld3zbhOih9xvmQ/sendPhoto "HTTP/1.1 200 OK"
2026-07-23 10:00:45,794 [INFO] httpx: HTTP Request: POST https://api.telegram.org/bot8906918185:AAEkad7nO3ZDckFOaeHbwld3zbhOih9xvmQ/getUpdates "HTTP/1.1 200 OK"
2026-07-23 10:00:54,781 [INFO] httpx: HTTP Request: POST https://api.telegram.org/bot8906918185:AAEkad7nO3ZDckFOaeHbwld3zbhOih9xvmQ/getUpdates "HTTP/1.1 200 OK"
2026-07-23 10:00:55,884 [INFO] httpx: HTTP Request: POST https://api.telegram.org/bot8906918185:AAEkad7nO3ZDckFOaeHbwld3zbhOih9xvmQ/answerCallbackQuery "HTTP/1.1 200 OK"
2026-07-23 10:00:56,258 [INFO] httpx: HTTP Request: POST https://api.telegram.org/bot8906918185:AAEkad7nO3ZDckFOaeHbwld3zbhOih9xvmQ/deleteMessage "HTTP/1.1 200 OK"
2026-07-23 10:00:56,426 [INFO] httpx: HTTP Request: GET http://127.0.0.1:8000/wishlist/ "HTTP/1.1 200 OK"
2026-07-23 10:00:56,426 [INFO] AutoAIBot: User: 1780250348 | Action: GET /wishlist/ - Status 200 | ResponseTime: 168.04ms
2026-07-23 10:00:57,089 [INFO] httpx: HTTP Request: POST https://api.telegram.org/bot8906918185:AAEkad7nO3ZDckFOaeHbwld3zbhOih9xvmQ/sendPhoto "HTTP/1.1 200 OK"
2026-07-23 10:01:00,318 [INFO] httpx: HTTP Request: POST https://api.telegram.org/bot8906918185:AAEkad7nO3ZDckFOaeHbwld3zbhOih9xvmQ/getUpdates "HTTP/1.1 200 OK"
2026-07-23 10:01:00,694 [INFO] httpx: HTTP Request: POST https://api.telegram.org/bot8906918185:AAEkad7nO3ZDckFOaeHbwld3zbhOih9xvmQ/answerCallbackQuery "HTTP/1.1 200 OK"
2026-07-23 10:01:01,153 [INFO] httpx: HTTP Request: POST https://api.telegram.org/bot8906918185:AAEkad7nO3ZDckFOaeHbwld3zbhOih9xvmQ/deleteMessage "HTTP/1.1 200 OK"
2026-07-23 10:01:01,329 [INFO] httpx: HTTP Request: GET http://127.0.0.1:8000/wishlist/ "HTTP/1.1 200 OK"
2026-07-23 10:01:01,329 [INFO] AutoAIBot: User: 1780250348 | Action: GET /wishlist/ - Status 200 | ResponseTime: 175.95ms
2026-07-23 10:01:01,889 [INFO] httpx: HTTP Request: POST https://api.telegram.org/bot8906918185:AAEkad7nO3ZDckFOaeHbwld3zbhOih9xvmQ/sendPhoto "HTTP/1.1 200 OK"
2026-07-23 10:01:10,587 [INFO] httpx: HTTP Request: POST https://api.telegram.org/bot8906918185:AAEkad7nO3ZDckFOaeHbwld3zbhOih9xvmQ/getUpdates "HTTP/1.1 200 OK"
2026-07-23 10:01:20,847 [INFO] httpx: HTTP Request: POST https://api.telegram.org/bot8906918185:AAEkad7nO3ZDckFOaeHbwld3zbhOih9xvmQ/getUpdates "HTTP/1.1 200 OK"
2026-07-23 10:01:25,373 [INFO] httpx: HTTP Request: POST https://api.telegram.org/bot8906918185:AAEkad7nO3ZDckFOaeHbwld3zbhOih9xvmQ/getUpdates "HTTP/1.1 200 OK"
2026-07-23 10:01:26,626 [INFO] httpx: HTTP Request: POST https://api.telegram.org/bot8906918185:AAEkad7nO3ZDckFOaeHbwld3zbhOih9xvmQ/answerCallbackQuery "HTTP/1.1 200 OK"
2026-07-23 10:01:27,057 [INFO] httpx: HTTP Request: POST https://api.telegram.org/bot8906918185:AAEkad7nO3ZDckFOaeHbwld3zbhOih9xvmQ/deleteMessage "HTTP/1.1 200 OK"
2026-07-23 10:01:27,505 [INFO] httpx: HTTP Request: POST https://api.telegram.org/bot8906918185:AAEkad7nO3ZDckFOaeHbwld3zbhOih9xvmQ/sendMessage "HTTP/1.1 200 OK"
2026-07-23 10:01:30,648 [INFO] httpx: HTTP Request: POST https://api.telegram.org/bot8906918185:AAEkad7nO3ZDckFOaeHbwld3zbhOih9xvmQ/getUpdates "HTTP/1.1 200 OK"
2026-07-23 10:01:31,080 [INFO] httpx: HTTP Request: POST https://api.telegram.org/bot8906918185:AAEkad7nO3ZDckFOaeHbwld3zbhOih9xvmQ/sendChatAction "HTTP/1.1 200 OK"
2026-07-23 10:01:31,650 [INFO] httpx: HTTP Request: POST https://api.telegram.org/bot8906918185:AAEkad7nO3ZDckFOaeHbwld3zbhOih9xvmQ/sendMessage "HTTP/1.1 200 OK"
2026-07-23 10:01:41,134 [INFO] httpx: HTTP Request: POST https://api.telegram.org/bot8906918185:AAEkad7nO3ZDckFOaeHbwld3zbhOih9xvmQ/getUpdates "HTTP/1.1 200 OK"
2026-07-23 10:01:51,615 [INFO] httpx: HTTP Request: POST https://api.telegram.org/bot8906918185:AAEkad7nO3ZDckFOaeHbwld3zbhOih9xvmQ/getUpdates "HTTP/1.1 200 OK"
2026-07-23 10:02:01,875 [INFO] httpx: HTTP Request: POST https://api.telegram.org/bot8906918185:AAEkad7nO3ZDckFOaeHbwld3zbhOih9xvmQ/getUpdates "HTTP/1.1 200 OK"
2026-07-23 10:02:02,143 [INFO] httpx: HTTP Request: POST https://api.telegram.org/bot8906918185:AAEkad7nO3ZDckFOaeHbwld3zbhOih9xvmQ/getUpdates "HTTP/1.1 200 OK"
2026-07-23 10:02:03,355 [INFO] httpx: HTTP Request: POST https://api.telegram.org/bot8906918185:AAEkad7nO3ZDckFOaeHbwld3zbhOih9xvmQ/sendChatAction "HTTP/1.1 200 OK"
2026-07-23 10:02:12,670 [INFO] httpx: HTTP Request: POST https://api.telegram.org/bot8906918185:AAEkad7nO3ZDckFOaeHbwld3zbhOih9xvmQ/getUpdates "HTTP/1.1 200 OK"
2026-07-23 10:02:18,545 [ERROR] AutoAIBot: User: 1780250348 | Action: POST /chat/ - Request Failed | ResponseTime: 15189.69ms | Error: 
2026-07-23 10:02:18,546 [ERROR] AutoAIBot: AI chat request failed: 
2026-07-23 10:02:19,770 [INFO] httpx: HTTP Request: POST https://api.telegram.org/bot8906918185:AAEkad7nO3ZDckFOaeHbwld3zbhOih9xvmQ/sendMessage "HTTP/1.1 200 OK"
2026-07-23 10:02:22,930 [INFO] httpx: HTTP Request: POST https://api.telegram.org/bot8906918185:AAEkad7nO3ZDckFOaeHbwld3zbhOih9xvmQ/getUpdates "HTTP/1.1 200 OK"
2026-07-23 10:02:33,412 [INFO] httpx: HTTP Request: POST https://api.telegram.org/bot8906918185:AAEkad7nO3ZDckFOaeHbwld3zbhOih9xvmQ/getUpdates "HTTP/1.1 200 OK"
2026-07-23 21:29:48,676 [INFO] AutoAIBot: Initializing AutoAI Telegram Bot...
2026-07-23 21:29:49,082 [INFO] AutoAIBot: AutoAI Bot is polling for updates...
2026-07-23 21:29:50,343 [INFO] httpx: HTTP Request: POST https://api.telegram.org/bot8906918185:AAEkad7nO3ZDckFOaeHbwld3zbhOih9xvmQ/getMe "HTTP/1.1 200 OK"
2026-07-23 21:29:50,807 [INFO] httpx: HTTP Request: POST https://api.telegram.org/bot8906918185:AAEkad7nO3ZDckFOaeHbwld3zbhOih9xvmQ/deleteWebhook "HTTP/1.1 200 OK"
2026-07-23 21:29:50,808 [INFO] telegram.ext.Application: Application started
2026-07-23 21:30:02,111 [INFO] httpx: HTTP Request: POST https://api.telegram.org/bot8906918185:AAEkad7nO3ZDckFOaeHbwld3zbhOih9xvmQ/getUpdates "HTTP/1.1 200 OK"
2026-07-23 21:30:12,373 [INFO] httpx: HTTP Request: POST https://api.telegram.org/bot8906918185:AAEkad7nO3ZDckFOaeHbwld3zbhOih9xvmQ/getUpdates "HTTP/1.1 200 OK"
2026-07-23 21:30:22,638 [INFO] httpx: HTTP Request: POST https://api.telegram.org/bot8906918185:AAEkad7nO3ZDckFOaeHbwld3zbhOih9xvmQ/getUpdates "HTTP/1.1 200 OK"
2026-07-23 21:30:32,900 [INFO] httpx: HTTP Request: POST https://api.telegram.org/bot8906918185:AAEkad7nO3ZDckFOaeHbwld3zbhOih9xvmQ/getUpdates "HTTP/1.1 200 OK"
2026-07-23 21:30:43,168 [INFO] httpx: HTTP Request: POST https://api.telegram.org/bot8906918185:AAEkad7nO3ZDckFOaeHbwld3zbhOih9xvmQ/getUpdates "HTTP/1.1 200 OK"
2026-07-23 21:30:53,446 [INFO] httpx: HTTP Request: POST https://api.telegram.org/bot8906918185:AAEkad7nO3ZDckFOaeHbwld3zbhOih9xvmQ/getUpdates "HTTP/1.1 200 OK"
2026-07-23 21:31:03,775 [INFO] httpx: HTTP Request: POST https://api.telegram.org/bot8906918185:AAEkad7nO3ZDckFOaeHbwld3zbhOih9xvmQ/getUpdates "HTTP/1.1 200 OK"
2026-07-23 21:31:14,258 [INFO] httpx: HTTP Request: POST https://api.telegram.org/bot8906918185:AAEkad7nO3ZDckFOaeHbwld3zbhOih9xvmQ/getUpdates "HTTP/1.1 200 OK"
2026-07-23 21:31:24,519 [INFO] httpx: HTTP Request: POST https://api.telegram.org/bot8906918185:AAEkad7nO3ZDckFOaeHbwld3zbhOih9xvmQ/getUpdates "HTTP/1.1 200 OK"
2026-07-23 21:31:34,816 [INFO] httpx: HTTP Request: POST https://api.telegram.org/bot8906918185:AAEkad7nO3ZDckFOaeHbwld3zbhOih9xvmQ/getUpdates "HTTP/1.1 200 OK"
2026-07-23 21:31:45,409 [INFO] httpx: HTTP Request: POST https://api.telegram.org/bot8906918185:AAEkad7nO3ZDckFOaeHbwld3zbhOih9xvmQ/getUpdates "HTTP/1.1 200 OK"
2026-07-23 21:31:55,672 [INFO] httpx: HTTP Request: POST https://api.telegram.org/bot8906918185:AAEkad7nO3ZDckFOaeHbwld3zbhOih9xvmQ/getUpdates "HTTP/1.1 200 OK"
2026-07-23 21:32:05,931 [INFO] httpx: HTTP Request: POST https://api.telegram.org/bot8906918185:AAEkad7nO3ZDckFOaeHbwld3zbhOih9xvmQ/getUpdates "HTTP/1.1 200 OK"
2026-07-23 21:32:16,416 [INFO] httpx: HTTP Request: POST https://api.telegram.org/bot8906918185:AAEkad7nO3ZDckFOaeHbwld3zbhOih9xvmQ/getUpdates "HTTP/1.1 200 OK"
2026-07-23 21:32:26,680 [INFO] httpx: HTTP Request: POST https://api.telegram.org/bot8906918185:AAEkad7nO3ZDckFOaeHbwld3zbhOih9xvmQ/getUpdates "HTTP/1.1 200 OK"
2026-07-23 21:32:36,942 [INFO] httpx: HTTP Request: POST https://api.telegram.org/bot8906918185:AAEkad7nO3ZDckFOaeHbwld3zbhOih9xvmQ/getUpdates "HTTP/1.1 200 OK"
2026-07-23 21:32:47,202 [INFO] httpx: HTTP Request: POST https://api.telegram.org/bot8906918185:AAEkad7nO3ZDckFOaeHbwld3zbhOih9xvmQ/getUpdates "HTTP/1.1 200 OK"
2026-07-23 21:32:57,464 [INFO] httpx: HTTP Request: POST https://api.telegram.org/bot8906918185:AAEkad7nO3ZDckFOaeHbwld3zbhOih9xvmQ/getUpdates "HTTP/1.1 200 OK"
2026-07-23 21:33:07,844 [INFO] httpx: HTTP Request: POST https://api.telegram.org/bot8906918185:AAEkad7nO3ZDckFOaeHbwld3zbhOih9xvmQ/getUpdates "HTTP/1.1 200 OK"
2026-07-23 21:33:18,110 [INFO] httpx: HTTP Request: POST https://api.telegram.org/bot8906918185:AAEkad7nO3ZDckFOaeHbwld3zbhOih9xvmQ/getUpdates "HTTP/1.1 200 OK"
2026-07-23 21:33:28,414 [INFO] httpx: HTTP Request: POST https://api.telegram.org/bot8906918185:AAEkad7nO3ZDckFOaeHbwld3zbhOih9xvmQ/getUpdates "HTTP/1.1 200 OK"
2026-07-23 21:33:38,897 [INFO] httpx: HTTP Request: POST https://api.telegram.org/bot8906918185:AAEkad7nO3ZDckFOaeHbwld3zbhOih9xvmQ/getUpdates "HTTP/1.1 200 OK"
2026-07-23 21:33:49,162 [INFO] httpx: HTTP Request: POST https://api.telegram.org/bot8906918185:AAEkad7nO3ZDckFOaeHbwld3zbhOih9xvmQ/getUpdates "HTTP/1.1 200 OK"
2026-07-23 21:33:59,426 [INFO] httpx: HTTP Request: POST https://api.telegram.org/bot8906918185:AAEkad7nO3ZDckFOaeHbwld3zbhOih9xvmQ/getUpdates "HTTP/1.1 200 OK"
2026-07-23 21:34:09,922 [INFO] httpx: HTTP Request: POST https://api.telegram.org/bot8906918185:AAEkad7nO3ZDckFOaeHbwld3zbhOih9xvmQ/getUpdates "HTTP/1.1 200 OK"
2026-07-23 21:34:20,182 [INFO] httpx: HTTP Request: POST https://api.telegram.org/bot8906918185:AAEkad7nO3ZDckFOaeHbwld3zbhOih9xvmQ/getUpdates "HTTP/1.1 200 OK"
2026-07-23 21:34:30,446 [INFO] httpx: HTTP Request: POST https://api.telegram.org/bot8906918185:AAEkad7nO3ZDckFOaeHbwld3zbhOih9xvmQ/getUpdates "HTTP/1.1 200 OK"
2026-07-23 21:34:40,748 [INFO] httpx: HTTP Request: POST https://api.telegram.org/bot8906918185:AAEkad7nO3ZDckFOaeHbwld3zbhOih9xvmQ/getUpdates "HTTP/1.1 200 OK"
2026-07-23 21:34:51,009 [INFO] httpx: HTTP Request: POST https://api.telegram.org/bot8906918185:AAEkad7nO3ZDckFOaeHbwld3zbhOih9xvmQ/getUpdates "HTTP/1.1 200 OK"
2026-07-23 21:35:01,497 [INFO] httpx: HTTP Request: POST https://api.telegram.org/bot8906918185:AAEkad7nO3ZDckFOaeHbwld3zbhOih9xvmQ/getUpdates "HTTP/1.1 200 OK"
2026-07-23 21:35:11,761 [INFO] httpx: HTTP Request: POST https://api.telegram.org/bot8906918185:AAEkad7nO3ZDckFOaeHbwld3zbhOih9xvmQ/getUpdates "HTTP/1.1 200 OK"
2026-07-23 21:35:22,029 [INFO] httpx: HTTP Request: POST https://api.telegram.org/bot8906918185:AAEkad7nO3ZDckFOaeHbwld3zbhOih9xvmQ/getUpdates "HTTP/1.1 200 OK"
2026-07-23 21:35:32,297 [INFO] httpx: HTTP Request: POST https://api.telegram.org/bot8906918185:AAEkad7nO3ZDckFOaeHbwld3zbhOih9xvmQ/getUpdates "HTTP/1.1 200 OK"
2026-07-23 21:35:42,598 [INFO] httpx: HTTP Request: POST https://api.telegram.org/bot8906918185:AAEkad7nO3ZDckFOaeHbwld3zbhOih9xvmQ/getUpdates "HTTP/1.1 200 OK"
2026-07-23 21:35:53,082 [INFO] httpx: HTTP Request: POST https://api.telegram.org/bot8906918185:AAEkad7nO3ZDckFOaeHbwld3zbhOih9xvmQ/getUpdates "HTTP/1.1 200 OK"
2026-07-23 21:36:01,648 [INFO] httpx: HTTP Request: POST https://api.telegram.org/bot8906918185:AAEkad7nO3ZDckFOaeHbwld3zbhOih9xvmQ/getUpdates "HTTP/1.1 200 OK"
2026-07-23 21:36:03,144 [INFO] httpx: HTTP Request: POST https://api.telegram.org/bot8906918185:AAEkad7nO3ZDckFOaeHbwld3zbhOih9xvmQ/sendChatAction "HTTP/1.1 200 OK"
2026-07-23 21:36:03,832 [INFO] httpx: HTTP Request: POST https://api.telegram.org/bot8906918185:AAEkad7nO3ZDckFOaeHbwld3zbhOih9xvmQ/sendMessage "HTTP/1.1 200 OK"
2026-07-23 21:36:09,893 [INFO] httpx: HTTP Request: POST https://api.telegram.org/bot8906918185:AAEkad7nO3ZDckFOaeHbwld3zbhOih9xvmQ/getUpdates "HTTP/1.1 200 OK"
2026-07-23 21:36:11,174 [INFO] httpx: HTTP Request: POST https://api.telegram.org/bot8906918185:AAEkad7nO3ZDckFOaeHbwld3zbhOih9xvmQ/sendMessage "HTTP/1.1 200 OK"
2026-07-23 21:36:14,034 [INFO] httpx: HTTP Request: POST https://api.telegram.org/bot8906918185:AAEkad7nO3ZDckFOaeHbwld3zbhOih9xvmQ/getUpdates "HTTP/1.1 200 OK"
2026-07-23 21:36:14,519 [INFO] httpx: HTTP Request: POST https://api.telegram.org/bot8906918185:AAEkad7nO3ZDckFOaeHbwld3zbhOih9xvmQ/answerCallbackQuery "HTTP/1.1 200 OK"
2026-07-23 21:36:15,008 [INFO] httpx: HTTP Request: POST https://api.telegram.org/bot8906918185:AAEkad7nO3ZDckFOaeHbwld3zbhOih9xvmQ/editMessageText "HTTP/1.1 200 OK"
2026-07-23 21:36:15,569 [INFO] httpx: HTTP Request: POST https://api.telegram.org/bot8906918185:AAEkad7nO3ZDckFOaeHbwld3zbhOih9xvmQ/sendMessage "HTTP/1.1 200 OK"
2026-07-23 21:36:24,299 [INFO] httpx: HTTP Request: POST https://api.telegram.org/bot8906918185:AAEkad7nO3ZDckFOaeHbwld3zbhOih9xvmQ/getUpdates "HTTP/1.1 200 OK"
2026-07-23 21:36:34,780 [INFO] httpx: HTTP Request: POST https://api.telegram.org/bot8906918185:AAEkad7nO3ZDckFOaeHbwld3zbhOih9xvmQ/getUpdates "HTTP/1.1 200 OK"
2026-07-23 21:36:45,128 [INFO] httpx: HTTP Request: POST https://api.telegram.org/bot8906918185:AAEkad7nO3ZDckFOaeHbwld3zbhOih9xvmQ/getUpdates "HTTP/1.1 200 OK"
2026-07-23 21:36:55,392 [INFO] httpx: HTTP Request: POST https://api.telegram.org/bot8906918185:AAEkad7nO3ZDckFOaeHbwld3zbhOih9xvmQ/getUpdates "HTTP/1.1 200 OK"
2026-07-23 21:37:03,673 [INFO] httpx: HTTP Request: POST https://api.telegram.org/bot8906918185:AAEkad7nO3ZDckFOaeHbwld3zbhOih9xvmQ/getUpdates "HTTP/1.1 200 OK"
2026-07-23 21:37:05,104 [INFO] httpx: HTTP Request: POST https://api.telegram.org/bot8906918185:AAEkad7nO3ZDckFOaeHbwld3zbhOih9xvmQ/sendChatAction "HTTP/1.1 200 OK"
2026-07-23 21:37:05,804 [INFO] httpx: HTTP Request: POST http://127.0.0.1:8000/auth/register "HTTP/1.1 200 OK"
2026-07-23 21:37:05,805 [INFO] AutoAIBot: User: 8230562811 | Action: POST /auth/register - Status 200 | ResponseTime: 699.96ms
2026-07-23 21:37:06,300 [INFO] httpx: HTTP Request: POST http://127.0.0.1:8000/auth/login "HTTP/1.1 200 OK"
2026-07-23 21:37:06,300 [INFO] AutoAIBot: User: 8230562811 | Action: POST /auth/login - Status 200 | ResponseTime: 494.88ms
2026-07-23 21:37:06,821 [INFO] httpx: HTTP Request: POST https://api.telegram.org/bot8906918185:AAEkad7nO3ZDckFOaeHbwld3zbhOih9xvmQ/sendMessage "HTTP/1.1 200 OK"
2026-07-23 21:37:13,935 [INFO] httpx: HTTP Request: POST https://api.telegram.org/bot8906918185:AAEkad7nO3ZDckFOaeHbwld3zbhOih9xvmQ/getUpdates "HTTP/1.1 200 OK"
2026-07-23 21:37:24,417 [INFO] httpx: HTTP Request: POST https://api.telegram.org/bot8906918185:AAEkad7nO3ZDckFOaeHbwld3zbhOih9xvmQ/getUpdates "HTTP/1.1 200 OK"
2026-07-23 21:37:25,862 [INFO] httpx: HTTP Request: POST https://api.telegram.org/bot8906918185:AAEkad7nO3ZDckFOaeHbwld3zbhOih9xvmQ/getUpdates "HTTP/1.1 200 OK"
2026-07-23 21:37:27,186 [INFO] httpx: HTTP Request: POST https://api.telegram.org/bot8906918185:AAEkad7nO3ZDckFOaeHbwld3zbhOih9xvmQ/sendChatAction "HTTP/1.1 200 OK"
2026-07-23 21:37:27,569 [INFO] httpx: HTTP Request: POST https://api.telegram.org/bot8906918185:AAEkad7nO3ZDckFOaeHbwld3zbhOih9xvmQ/sendChatAction "HTTP/1.1 200 OK"
2026-07-23 21:37:27,808 [INFO] httpx: HTTP Request: GET http://127.0.0.1:8000/favorites/12 "HTTP/1.1 200 OK"
2026-07-23 21:37:27,808 [INFO] AutoAIBot: User: 8230562811 | Action: GET /favorites/12 - Status 200 | ResponseTime: 238.12ms
2026-07-23 21:37:28,040 [INFO] httpx: HTTP Request: GET http://127.0.0.1:8000/wishlist/ "HTTP/1.1 200 OK"
2026-07-23 21:37:28,041 [INFO] AutoAIBot: User: 8230562811 | Action: GET /wishlist/ - Status 200 | ResponseTime: 232.03ms
2026-07-23 21:37:28,514 [INFO] httpx: HTTP Request: POST https://api.telegram.org/bot8906918185:AAEkad7nO3ZDckFOaeHbwld3zbhOih9xvmQ/sendMessage "HTTP/1.1 200 OK"
2026-07-23 21:37:31,899 [INFO] httpx: HTTP Request: POST https://api.telegram.org/bot8906918185:AAEkad7nO3ZDckFOaeHbwld3zbhOih9xvmQ/getUpdates "HTTP/1.1 200 OK"
2026-07-23 21:37:32,433 [INFO] httpx: HTTP Request: POST https://api.telegram.org/bot8906918185:AAEkad7nO3ZDckFOaeHbwld3zbhOih9xvmQ/sendChatAction "HTTP/1.1 200 OK"
2026-07-23 21:37:32,995 [INFO] httpx: HTTP Request: POST https://api.telegram.org/bot8906918185:AAEkad7nO3ZDckFOaeHbwld3zbhOih9xvmQ/sendMessage "HTTP/1.1 200 OK"
2026-07-23 21:37:42,172 [INFO] httpx: HTTP Request: POST https://api.telegram.org/bot8906918185:AAEkad7nO3ZDckFOaeHbwld3zbhOih9xvmQ/getUpdates "HTTP/1.1 200 OK"
2026-07-23 21:37:52,198 [INFO] httpx: HTTP Request: POST https://api.telegram.org/bot8906918185:AAEkad7nO3ZDckFOaeHbwld3zbhOih9xvmQ/getUpdates "HTTP/1.1 200 OK"
2026-07-23 21:37:53,661 [INFO] httpx: HTTP Request: POST https://api.telegram.org/bot8906918185:AAEkad7nO3ZDckFOaeHbwld3zbhOih9xvmQ/sendMessage "HTTP/1.1 200 OK"
2026-07-23 21:38:00,703 [INFO] httpx: HTTP Request: POST https://api.telegram.org/bot8906918185:AAEkad7nO3ZDckFOaeHbwld3zbhOih9xvmQ/getUpdates "HTTP/1.1 200 OK"
2026-07-23 21:38:01,820 [INFO] httpx: HTTP Request: POST https://api.telegram.org/bot8906918185:AAEkad7nO3ZDckFOaeHbwld3zbhOih9xvmQ/answerCallbackQuery "HTTP/1.1 200 OK"
2026-07-23 21:38:02,295 [INFO] httpx: HTTP Request: POST https://api.telegram.org/bot8906918185:AAEkad7nO3ZDckFOaeHbwld3zbhOih9xvmQ/editMessageText "HTTP/1.1 200 OK"
2026-07-23 21:38:02,940 [INFO] httpx: HTTP Request: POST https://api.telegram.org/bot8906918185:AAEkad7nO3ZDckFOaeHbwld3zbhOih9xvmQ/sendMessage "HTTP/1.1 200 OK"
2026-07-23 21:38:04,850 [INFO] httpx: HTTP Request: POST https://api.telegram.org/bot8906918185:AAEkad7nO3ZDckFOaeHbwld3zbhOih9xvmQ/getUpdates "HTTP/1.1 200 OK"
2026-07-23 21:38:05,259 [INFO] httpx: HTTP Request: POST https://api.telegram.org/bot8906918185:AAEkad7nO3ZDckFOaeHbwld3zbhOih9xvmQ/answerCallbackQuery "HTTP/1.1 200 OK"
2026-07-23 21:38:05,676 [INFO] httpx: HTTP Request: POST https://api.telegram.org/bot8906918185:AAEkad7nO3ZDckFOaeHbwld3zbhOih9xvmQ/editMessageText "HTTP/1.1 200 OK"
2026-07-23 21:38:06,151 [INFO] httpx: HTTP Request: POST https://api.telegram.org/bot8906918185:AAEkad7nO3ZDckFOaeHbwld3zbhOih9xvmQ/sendMessage "HTTP/1.1 200 OK"
2026-07-23 21:38:06,212 [INFO] httpx: HTTP Request: POST https://api.telegram.org/bot8906918185:AAEkad7nO3ZDckFOaeHbwld3zbhOih9xvmQ/getUpdates "HTTP/1.1 200 OK"
2026-07-23 21:38:07,105 [INFO] httpx: HTTP Request: POST https://api.telegram.org/bot8906918185:AAEkad7nO3ZDckFOaeHbwld3zbhOih9xvmQ/answerCallbackQuery "HTTP/1.1 200 OK"
2026-07-23 21:38:07,534 [INFO] httpx: HTTP Request: POST https://api.telegram.org/bot8906918185:AAEkad7nO3ZDckFOaeHbwld3zbhOih9xvmQ/editMessageText "HTTP/1.1 200 OK"
2026-07-23 21:38:08,003 [INFO] httpx: HTTP Request: POST https://api.telegram.org/bot8906918185:AAEkad7nO3ZDckFOaeHbwld3zbhOih9xvmQ/sendMessage "HTTP/1.1 200 OK"
2026-07-23 21:38:11,415 [INFO] httpx: HTTP Request: POST https://api.telegram.org/bot8906918185:AAEkad7nO3ZDckFOaeHbwld3zbhOih9xvmQ/getUpdates "HTTP/1.1 200 OK"
2026-07-23 21:38:11,824 [INFO] httpx: HTTP Request: POST https://api.telegram.org/bot8906918185:AAEkad7nO3ZDckFOaeHbwld3zbhOih9xvmQ/answerCallbackQuery "HTTP/1.1 200 OK"
2026-07-23 21:38:12,503 [INFO] httpx: HTTP Request: POST https://api.telegram.org/bot8906918185:AAEkad7nO3ZDckFOaeHbwld3zbhOih9xvmQ/editMessageText "HTTP/1.1 200 OK"
2026-07-23 21:38:12,942 [INFO] httpx: HTTP Request: POST https://api.telegram.org/bot8906918185:AAEkad7nO3ZDckFOaeHbwld3zbhOih9xvmQ/sendMessage "HTTP/1.1 200 OK"
2026-07-23 21:38:15,877 [INFO] httpx: HTTP Request: POST https://api.telegram.org/bot8906918185:AAEkad7nO3ZDckFOaeHbwld3zbhOih9xvmQ/getUpdates "HTTP/1.1 200 OK"
2026-07-23 21:38:16,285 [INFO] httpx: HTTP Request: POST https://api.telegram.org/bot8906918185:AAEkad7nO3ZDckFOaeHbwld3zbhOih9xvmQ/answerCallbackQuery "HTTP/1.1 200 OK"
2026-07-23 21:38:16,711 [INFO] httpx: HTTP Request: POST https://api.telegram.org/bot8906918185:AAEkad7nO3ZDckFOaeHbwld3zbhOih9xvmQ/editMessageText "HTTP/1.1 200 OK"
2026-07-23 21:38:17,171 [INFO] httpx: HTTP Request: POST https://api.telegram.org/bot8906918185:AAEkad7nO3ZDckFOaeHbwld3zbhOih9xvmQ/getUpdates "HTTP/1.1 200 OK"
2026-07-23 21:38:17,331 [INFO] httpx: HTTP Request: POST https://api.telegram.org/bot8906918185:AAEkad7nO3ZDckFOaeHbwld3zbhOih9xvmQ/sendMessage "HTTP/1.1 200 OK"
2026-07-23 21:38:17,746 [INFO] httpx: HTTP Request: POST https://api.telegram.org/bot8906918185:AAEkad7nO3ZDckFOaeHbwld3zbhOih9xvmQ/answerCallbackQuery "HTTP/1.1 200 OK"
2026-07-23 21:38:18,668 [INFO] httpx: HTTP Request: POST https://api.telegram.org/bot8906918185:AAEkad7nO3ZDckFOaeHbwld3zbhOih9xvmQ/editMessageText "HTTP/1.1 200 OK"
2026-07-23 21:38:19,528 [INFO] httpx: HTTP Request: POST https://api.telegram.org/bot8906918185:AAEkad7nO3ZDckFOaeHbwld3zbhOih9xvmQ/sendMessage "HTTP/1.1 200 OK"
2026-07-23 21:38:20,715 [INFO] httpx: HTTP Request: POST https://api.telegram.org/bot8906918185:AAEkad7nO3ZDckFOaeHbwld3zbhOih9xvmQ/getUpdates "HTTP/1.1 200 OK"
2026-07-23 21:38:20,985 [INFO] httpx: HTTP Request: POST https://api.telegram.org/bot8906918185:AAEkad7nO3ZDckFOaeHbwld3zbhOih9xvmQ/getUpdates "HTTP/1.1 200 OK"
2026-07-23 21:38:21,117 [INFO] httpx: HTTP Request: POST https://api.telegram.org/bot8906918185:AAEkad7nO3ZDckFOaeHbwld3zbhOih9xvmQ/answerCallbackQuery "HTTP/1.1 200 OK"
2026-07-23 21:38:21,546 [INFO] httpx: HTTP Request: POST https://api.telegram.org/bot8906918185:AAEkad7nO3ZDckFOaeHbwld3zbhOih9xvmQ/editMessageText "HTTP/1.1 200 OK"
2026-07-23 21:38:22,121 [INFO] httpx: HTTP Request: POST https://api.telegram.org/bot8906918185:AAEkad7nO3ZDckFOaeHbwld3zbhOih9xvmQ/sendMessage "HTTP/1.1 200 OK"
2026-07-23 21:38:22,523 [INFO] httpx: HTTP Request: POST https://api.telegram.org/bot8906918185:AAEkad7nO3ZDckFOaeHbwld3zbhOih9xvmQ/answerCallbackQuery "HTTP/1.1 200 OK"
2026-07-23 21:38:22,977 [INFO] httpx: HTTP Request: POST https://api.telegram.org/bot8906918185:AAEkad7nO3ZDckFOaeHbwld3zbhOih9xvmQ/editMessageText "HTTP/1.1 200 OK"
2026-07-23 21:38:23,365 [INFO] httpx: HTTP Request: POST https://api.telegram.org/bot8906918185:AAEkad7nO3ZDckFOaeHbwld3zbhOih9xvmQ/getUpdates "HTTP/1.1 200 OK"
2026-07-23 21:38:23,596 [INFO] httpx: HTTP Request: POST https://api.telegram.org/bot8906918185:AAEkad7nO3ZDckFOaeHbwld3zbhOih9xvmQ/sendMessage "HTTP/1.1 200 OK"
2026-07-23 21:38:23,837 [INFO] httpx: HTTP Request: POST http://127.0.0.1:8000/recommend/ "HTTP/1.1 200 OK"
2026-07-23 21:38:23,837 [INFO] AutoAIBot: User: 8230562811 | Action: POST /recommend/ - Status 200 | ResponseTime: 239.56ms
2026-07-23 21:38:24,280 [INFO] httpx: HTTP Request: POST https://api.telegram.org/bot8906918185:AAEkad7nO3ZDckFOaeHbwld3zbhOih9xvmQ/sendMessage "HTTP/1.1 200 OK"
2026-07-23 21:38:24,513 [INFO] httpx: HTTP Request: GET http://127.0.0.1:8000/wishlist/ "HTTP/1.1 200 OK"
2026-07-23 21:38:24,513 [INFO] AutoAIBot: User: 8230562811 | Action: GET /wishlist/ - Status 200 | ResponseTime: 232.63ms
2026-07-23 21:38:24,997 [INFO] httpx: HTTP Request: POST https://api.telegram.org/bot8906918185:AAEkad7nO3ZDckFOaeHbwld3zbhOih9xvmQ/sendPhoto "HTTP/1.1 200 OK"
2026-07-23 21:38:25,419 [INFO] httpx: HTTP Request: POST https://api.telegram.org/bot8906918185:AAEkad7nO3ZDckFOaeHbwld3zbhOih9xvmQ/answerCallbackQuery "HTTP/1.1 200 OK"
2026-07-23 21:38:25,889 [INFO] httpx: HTTP Request: POST https://api.telegram.org/bot8906918185:AAEkad7nO3ZDckFOaeHbwld3zbhOih9xvmQ/editMessageText "HTTP/1.1 200 OK"
2026-07-23 21:38:26,310 [INFO] httpx: HTTP Request: POST https://api.telegram.org/bot8906918185:AAEkad7nO3ZDckFOaeHbwld3zbhOih9xvmQ/sendMessage "HTTP/1.1 200 OK"
2026-07-23 21:38:26,562 [INFO] httpx: HTTP Request: POST http://127.0.0.1:8000/recommend/ "HTTP/1.1 200 OK"
2026-07-23 21:38:26,562 [INFO] AutoAIBot: User: 1780250348 | Action: POST /recommend/ - Status 200 | ResponseTime: 251.34ms
2026-07-23 21:38:27,007 [INFO] httpx: HTTP Request: POST https://api.telegram.org/bot8906918185:AAEkad7nO3ZDckFOaeHbwld3zbhOih9xvmQ/sendMessage "HTTP/1.1 200 OK"
2026-07-23 21:38:27,285 [INFO] httpx: HTTP Request: GET http://127.0.0.1:8000/wishlist/ "HTTP/1.1 200 OK"
2026-07-23 21:38:27,285 [INFO] AutoAIBot: User: 1780250348 | Action: GET /wishlist/ - Status 200 | ResponseTime: 277.21ms
2026-07-23 21:38:27,796 [INFO] httpx: HTTP Request: POST https://api.telegram.org/bot8906918185:AAEkad7nO3ZDckFOaeHbwld3zbhOih9xvmQ/sendPhoto "HTTP/1.1 200 OK"
2026-07-23 21:38:33,844 [INFO] httpx: HTTP Request: POST https://api.telegram.org/bot8906918185:AAEkad7nO3ZDckFOaeHbwld3zbhOih9xvmQ/getUpdates "HTTP/1.1 200 OK"
2026-07-23 21:38:44,107 [INFO] httpx: HTTP Request: POST https://api.telegram.org/bot8906918185:AAEkad7nO3ZDckFOaeHbwld3zbhOih9xvmQ/getUpdates "HTTP/1.1 200 OK"
2026-07-23 21:38:54,371 [INFO] httpx: HTTP Request: POST https://api.telegram.org/bot8906918185:AAEkad7nO3ZDckFOaeHbwld3zbhOih9xvmQ/getUpdates "HTTP/1.1 200 OK"
2026-07-23 21:39:04,632 [INFO] httpx: HTTP Request: POST https://api.telegram.org/bot8906918185:AAEkad7nO3ZDckFOaeHbwld3zbhOih9xvmQ/getUpdates "HTTP/1.1 200 OK"
2026-07-23 21:39:05,742 [INFO] httpx: HTTP Request: POST https://api.telegram.org/bot8906918185:AAEkad7nO3ZDckFOaeHbwld3zbhOih9xvmQ/getUpdates "HTTP/1.1 200 OK"
2026-07-23 21:39:07,067 [INFO] httpx: HTTP Request: POST https://api.telegram.org/bot8906918185:AAEkad7nO3ZDckFOaeHbwld3zbhOih9xvmQ/answerCallbackQuery "HTTP/1.1 200 OK"
2026-07-23 21:39:07,496 [INFO] httpx: HTTP Request: POST https://api.telegram.org/bot8906918185:AAEkad7nO3ZDckFOaeHbwld3zbhOih9xvmQ/deleteMessage "HTTP/1.1 200 OK"
2026-07-23 21:39:07,716 [INFO] httpx: HTTP Request: GET http://127.0.0.1:8000/wishlist/ "HTTP/1.1 200 OK"
2026-07-23 21:39:07,716 [INFO] AutoAIBot: User: 8230562811 | Action: GET /wishlist/ - Status 200 | ResponseTime: 219.14ms
2026-07-23 21:39:08,409 [INFO] httpx: HTTP Request: POST https://api.telegram.org/bot8906918185:AAEkad7nO3ZDckFOaeHbwld3zbhOih9xvmQ/sendPhoto "HTTP/1.1 200 OK"
2026-07-23 21:39:16,006 [INFO] httpx: HTTP Request: POST https://api.telegram.org/bot8906918185:AAEkad7nO3ZDckFOaeHbwld3zbhOih9xvmQ/getUpdates "HTTP/1.1 200 OK"
2026-07-23 21:39:24,959 [INFO] httpx: HTTP Request: POST https://api.telegram.org/bot8906918185:AAEkad7nO3ZDckFOaeHbwld3zbhOih9xvmQ/getUpdates "HTTP/1.1 200 OK"
2026-07-23 21:39:26,244 [INFO] httpx: HTTP Request: POST https://api.telegram.org/bot8906918185:AAEkad7nO3ZDckFOaeHbwld3zbhOih9xvmQ/answerCallbackQuery "HTTP/1.1 200 OK"
2026-07-23 21:39:26,679 [INFO] httpx: HTTP Request: POST https://api.telegram.org/bot8906918185:AAEkad7nO3ZDckFOaeHbwld3zbhOih9xvmQ/deleteMessage "HTTP/1.1 200 OK"
2026-07-23 21:39:26,948 [INFO] httpx: HTTP Request: GET http://127.0.0.1:8000/wishlist/ "HTTP/1.1 200 OK"
2026-07-23 21:39:26,948 [INFO] AutoAIBot: User: 8230562811 | Action: GET /wishlist/ - Status 200 | ResponseTime: 267.96ms
2026-07-23 21:39:27,522 [INFO] httpx: HTTP Request: POST https://api.telegram.org/bot8906918185:AAEkad7nO3ZDckFOaeHbwld3zbhOih9xvmQ/sendPhoto "HTTP/1.1 200 OK"
2026-07-23 21:39:35,220 [INFO] httpx: HTTP Request: POST https://api.telegram.org/bot8906918185:AAEkad7nO3ZDckFOaeHbwld3zbhOih9xvmQ/getUpdates "HTTP/1.1 200 OK"
2026-07-23 21:39:45,482 [INFO] httpx: HTTP Request: POST https://api.telegram.org/bot8906918185:AAEkad7nO3ZDckFOaeHbwld3zbhOih9xvmQ/getUpdates "HTTP/1.1 200 OK"
2026-07-23 21:39:55,749 [INFO] httpx: HTTP Request: POST https://api.telegram.org/bot8906918185:AAEkad7nO3ZDckFOaeHbwld3zbhOih9xvmQ/getUpdates "HTTP/1.1 200 OK"
2026-07-23 21:40:02,444 [INFO] httpx: HTTP Request: POST https://api.telegram.org/bot8906918185:AAEkad7nO3ZDckFOaeHbwld3zbhOih9xvmQ/getUpdates "HTTP/1.1 200 OK"
2026-07-23 21:40:12,705 [INFO] httpx: HTTP Request: POST https://api.telegram.org/bot8906918185:AAEkad7nO3ZDckFOaeHbwld3zbhOih9xvmQ/getUpdates "HTTP/1.1 200 OK"
2026-07-23 21:40:22,968 [INFO] httpx: HTTP Request: POST https://api.telegram.org/bot8906918185:AAEkad7nO3ZDckFOaeHbwld3zbhOih9xvmQ/getUpdates "HTTP/1.1 200 OK"
2026-07-23 21:40:33,265 [INFO] httpx: HTTP Request: POST https://api.telegram.org/bot8906918185:AAEkad7nO3ZDckFOaeHbwld3zbhOih9xvmQ/getUpdates "HTTP/1.1 200 OK"
2026-07-23 21:40:43,563 [INFO] httpx: HTTP Request: POST https://api.telegram.org/bot8906918185:AAEkad7nO3ZDckFOaeHbwld3zbhOih9xvmQ/getUpdates "HTTP/1.1 200 OK"
2026-07-23 21:40:53,828 [INFO] httpx: HTTP Request: POST https://api.telegram.org/bot8906918185:AAEkad7nO3ZDckFOaeHbwld3zbhOih9xvmQ/getUpdates "HTTP/1.1 200 OK"
2026-07-23 21:41:04,096 [INFO] httpx: HTTP Request: POST https://api.telegram.org/bot8906918185:AAEkad7nO3ZDckFOaeHbwld3zbhOih9xvmQ/getUpdates "HTTP/1.1 200 OK"
2026-07-23 21:41:14,391 [INFO] httpx: HTTP Request: POST https://api.telegram.org/bot8906918185:AAEkad7nO3ZDckFOaeHbwld3zbhOih9xvmQ/getUpdates "HTTP/1.1 200 OK"
2026-07-23 21:41:24,878 [INFO] httpx: HTTP Request: POST https://api.telegram.org/bot8906918185:AAEkad7nO3ZDckFOaeHbwld3zbhOih9xvmQ/getUpdates "HTTP/1.1 200 OK"
2026-07-23 21:41:35,176 [INFO] httpx: HTTP Request: POST https://api.telegram.org/bot8906918185:AAEkad7nO3ZDckFOaeHbwld3zbhOih9xvmQ/getUpdates "HTTP/1.1 200 OK"
2026-07-23 21:41:45,436 [INFO] httpx: HTTP Request: POST https://api.telegram.org/bot8906918185:AAEkad7nO3ZDckFOaeHbwld3zbhOih9xvmQ/getUpdates "HTTP/1.1 200 OK"
2026-07-23 21:41:55,696 [INFO] httpx: HTTP Request: POST https://api.telegram.org/bot8906918185:AAEkad7nO3ZDckFOaeHbwld3zbhOih9xvmQ/getUpdates "HTTP/1.1 200 OK"
2026-07-24 14:09:27,058 [INFO] AutoAIBot: Initializing AutoAI Telegram Bot...
2026-07-24 14:09:27,478 [INFO] AutoAIBot: AutoAI Bot is polling for updates...
2026-07-24 14:09:30,466 [INFO] httpx: HTTP Request: POST https://api.telegram.org/bot8906918185:AAEkad7nO3ZDckFOaeHbwld3zbhOih9xvmQ/getMe "HTTP/1.1 200 OK"
2026-07-24 14:09:30,774 [INFO] httpx: HTTP Request: POST https://api.telegram.org/bot8906918185:AAEkad7nO3ZDckFOaeHbwld3zbhOih9xvmQ/deleteWebhook "HTTP/1.1 200 OK"
2026-07-24 14:09:30,775 [INFO] telegram.ext.Application: Application started
2026-07-24 14:09:42,341 [INFO] httpx: HTTP Request: POST https://api.telegram.org/bot8906918185:AAEkad7nO3ZDckFOaeHbwld3zbhOih9xvmQ/getUpdates "HTTP/1.1 200 OK"
2026-07-24 14:09:52,972 [INFO] httpx: HTTP Request: POST https://api.telegram.org/bot8906918185:AAEkad7nO3ZDckFOaeHbwld3zbhOih9xvmQ/getUpdates "HTTP/1.1 200 OK"
2026-07-24 14:10:03,266 [INFO] httpx: HTTP Request: POST https://api.telegram.org/bot8906918185:AAEkad7nO3ZDckFOaeHbwld3zbhOih9xvmQ/getUpdates "HTTP/1.1 200 OK"
2026-07-24 14:10:13,815 [INFO] httpx: HTTP Request: POST https://api.telegram.org/bot8906918185:AAEkad7nO3ZDckFOaeHbwld3zbhOih9xvmQ/getUpdates "HTTP/1.1 200 OK"
2026-07-24 14:10:24,341 [INFO] httpx: HTTP Request: POST https://api.telegram.org/bot8906918185:AAEkad7nO3ZDckFOaeHbwld3zbhOih9xvmQ/getUpdates "HTTP/1.1 200 OK"
2026-07-24 14:10:34,623 [INFO] httpx: HTTP Request: POST https://api.telegram.org/bot8906918185:AAEkad7nO3ZDckFOaeHbwld3zbhOih9xvmQ/getUpdates "HTTP/1.1 200 OK"
2026-07-24 14:10:45,201 [INFO] httpx: HTTP Request: POST https://api.telegram.org/bot8906918185:AAEkad7nO3ZDckFOaeHbwld3zbhOih9xvmQ/getUpdates "HTTP/1.1 200 OK"
2026-07-24 14:10:55,551 [INFO] httpx: HTTP Request: POST https://api.telegram.org/bot8906918185:AAEkad7nO3ZDckFOaeHbwld3zbhOih9xvmQ/getUpdates "HTTP/1.1 200 OK"
2026-07-24 14:11:05,923 [INFO] httpx: HTTP Request: POST https://api.telegram.org/bot8906918185:AAEkad7nO3ZDckFOaeHbwld3zbhOih9xvmQ/getUpdates "HTTP/1.1 200 OK"
2026-07-24 14:11:16,465 [INFO] httpx: HTTP Request: POST https://api.telegram.org/bot8906918185:AAEkad7nO3ZDckFOaeHbwld3zbhOih9xvmQ/getUpdates "HTTP/1.1 200 OK"
2026-07-24 14:11:26,780 [INFO] httpx: HTTP Request: POST https://api.telegram.org/bot8906918185:AAEkad7nO3ZDckFOaeHbwld3zbhOih9xvmQ/getUpdates "HTTP/1.1 200 OK"
2026-07-24 14:11:37,467 [INFO] httpx: HTTP Request: POST https://api.telegram.org/bot8906918185:AAEkad7nO3ZDckFOaeHbwld3zbhOih9xvmQ/getUpdates "HTTP/1.1 200 OK"
2026-07-24 14:11:47,768 [INFO] httpx: HTTP Request: POST https://api.telegram.org/bot8906918185:AAEkad7nO3ZDckFOaeHbwld3zbhOih9xvmQ/getUpdates "HTTP/1.1 200 OK"
2026-07-24 14:11:58,304 [INFO] httpx: HTTP Request: POST https://api.telegram.org/bot8906918185:AAEkad7nO3ZDckFOaeHbwld3zbhOih9xvmQ/getUpdates "HTTP/1.1 200 OK"
2026-07-24 14:12:08,860 [INFO] httpx: HTTP Request: POST https://api.telegram.org/bot8906918185:AAEkad7nO3ZDckFOaeHbwld3zbhOih9xvmQ/getUpdates "HTTP/1.1 200 OK"
2026-07-24 14:12:19,388 [INFO] httpx: HTTP Request: POST https://api.telegram.org/bot8906918185:AAEkad7nO3ZDckFOaeHbwld3zbhOih9xvmQ/getUpdates "HTTP/1.1 200 OK"
2026-07-24 14:12:29,733 [INFO] httpx: HTTP Request: POST https://api.telegram.org/bot8906918185:AAEkad7nO3ZDckFOaeHbwld3zbhOih9xvmQ/getUpdates "HTTP/1.1 200 OK"
2026-07-24 14:12:40,181 [INFO] httpx: HTTP Request: POST https://api.telegram.org/bot8906918185:AAEkad7nO3ZDckFOaeHbwld3zbhOih9xvmQ/getUpdates "HTTP/1.1 200 OK"
2026-07-24 14:12:50,751 [INFO] httpx: HTTP Request: POST https://api.telegram.org/bot8906918185:AAEkad7nO3ZDckFOaeHbwld3zbhOih9xvmQ/getUpdates "HTTP/1.1 200 OK"
2026-07-24 14:13:01,076 [INFO] httpx: HTTP Request: POST https://api.telegram.org/bot8906918185:AAEkad7nO3ZDckFOaeHbwld3zbhOih9xvmQ/getUpdates "HTTP/1.1 200 OK"
2026-07-24 14:13:10,860 [INFO] httpx: HTTP Request: POST https://api.telegram.org/bot8906918185:AAEkad7nO3ZDckFOaeHbwld3zbhOih9xvmQ/getUpdates "HTTP/1.1 200 OK"
2026-07-24 14:13:12,936 [INFO] httpx: HTTP Request: POST https://api.telegram.org/bot8906918185:AAEkad7nO3ZDckFOaeHbwld3zbhOih9xvmQ/sendChatAction "HTTP/1.1 200 OK"
2026-07-24 14:13:13,326 [INFO] httpx: HTTP Request: POST http://127.0.0.1:8000/auth/register "HTTP/1.1 200 OK"
2026-07-24 14:13:13,327 [INFO] AutoAIBot: User: 1878703193 | Action: POST /auth/register - Status 200 | ResponseTime: 390.80ms
2026-07-24 14:13:13,715 [INFO] httpx: HTTP Request: POST http://127.0.0.1:8000/auth/login "HTTP/1.1 200 OK"
2026-07-24 14:13:13,715 [INFO] AutoAIBot: User: 1878703193 | Action: POST /auth/login - Status 200 | ResponseTime: 387.71ms
2026-07-24 14:13:14,558 [INFO] httpx: HTTP Request: POST https://api.telegram.org/bot8906918185:AAEkad7nO3ZDckFOaeHbwld3zbhOih9xvmQ/sendMessage "HTTP/1.1 200 OK"
2026-07-24 14:13:21,634 [INFO] httpx: HTTP Request: POST https://api.telegram.org/bot8906918185:AAEkad7nO3ZDckFOaeHbwld3zbhOih9xvmQ/getUpdates "HTTP/1.1 200 OK"
2026-07-24 14:13:23,055 [INFO] httpx: HTTP Request: POST https://api.telegram.org/bot8906918185:AAEkad7nO3ZDckFOaeHbwld3zbhOih9xvmQ/sendChatAction "HTTP/1.1 200 OK"
2026-07-24 14:13:23,556 [INFO] httpx: HTTP Request: POST https://api.telegram.org/bot8906918185:AAEkad7nO3ZDckFOaeHbwld3zbhOih9xvmQ/sendMessage "HTTP/1.1 200 OK"
2026-07-24 14:13:32,424 [INFO] httpx: HTTP Request: POST https://api.telegram.org/bot8906918185:AAEkad7nO3ZDckFOaeHbwld3zbhOih9xvmQ/getUpdates "HTTP/1.1 200 OK"
2026-07-24 14:13:37,298 [INFO] httpx: HTTP Request: POST https://api.telegram.org/bot8906918185:AAEkad7nO3ZDckFOaeHbwld3zbhOih9xvmQ/getUpdates "HTTP/1.1 200 OK"
2026-07-24 14:13:38,610 [INFO] httpx: HTTP Request: POST https://api.telegram.org/bot8906918185:AAEkad7nO3ZDckFOaeHbwld3zbhOih9xvmQ/sendMessage "HTTP/1.1 200 OK"
2026-07-24 14:13:43,096 [INFO] httpx: HTTP Request: POST https://api.telegram.org/bot8906918185:AAEkad7nO3ZDckFOaeHbwld3zbhOih9xvmQ/getUpdates "HTTP/1.1 200 OK"
2026-07-24 14:13:43,805 [INFO] httpx: HTTP Request: POST https://api.telegram.org/bot8906918185:AAEkad7nO3ZDckFOaeHbwld3zbhOih9xvmQ/answerCallbackQuery "HTTP/1.1 200 OK"
2026-07-24 14:13:44,552 [INFO] httpx: HTTP Request: POST https://api.telegram.org/bot8906918185:AAEkad7nO3ZDckFOaeHbwld3zbhOih9xvmQ/editMessageText "HTTP/1.1 200 OK"
2026-07-24 14:13:45,834 [INFO] httpx: HTTP Request: POST https://api.telegram.org/bot8906918185:AAEkad7nO3ZDckFOaeHbwld3zbhOih9xvmQ/sendMessage "HTTP/1.1 200 OK"
2026-07-24 14:13:53,812 [INFO] httpx: HTTP Request: POST https://api.telegram.org/bot8906918185:AAEkad7nO3ZDckFOaeHbwld3zbhOih9xvmQ/getUpdates "HTTP/1.1 200 OK"
2026-07-24 14:14:00,058 [INFO] httpx: HTTP Request: POST https://api.telegram.org/bot8906918185:AAEkad7nO3ZDckFOaeHbwld3zbhOih9xvmQ/getUpdates "HTTP/1.1 200 OK"
2026-07-24 14:14:02,440 [INFO] httpx: HTTP Request: POST https://api.telegram.org/bot8906918185:AAEkad7nO3ZDckFOaeHbwld3zbhOih9xvmQ/answerCallbackQuery "HTTP/1.1 200 OK"
2026-07-24 14:14:02,977 [INFO] httpx: HTTP Request: POST https://api.telegram.org/bot8906918185:AAEkad7nO3ZDckFOaeHbwld3zbhOih9xvmQ/editMessageText "HTTP/1.1 200 OK"
2026-07-24 14:14:03,560 [INFO] httpx: HTTP Request: POST https://api.telegram.org/bot8906918185:AAEkad7nO3ZDckFOaeHbwld3zbhOih9xvmQ/sendMessage "HTTP/1.1 200 OK"
2026-07-24 14:14:07,036 [INFO] httpx: HTTP Request: POST https://api.telegram.org/bot8906918185:AAEkad7nO3ZDckFOaeHbwld3zbhOih9xvmQ/getUpdates "HTTP/1.1 200 OK"
2026-07-24 14:14:07,894 [INFO] httpx: HTTP Request: POST https://api.telegram.org/bot8906918185:AAEkad7nO3ZDckFOaeHbwld3zbhOih9xvmQ/answerCallbackQuery "HTTP/1.1 200 OK"
2026-07-24 14:14:08,707 [INFO] httpx: HTTP Request: POST https://api.telegram.org/bot8906918185:AAEkad7nO3ZDckFOaeHbwld3zbhOih9xvmQ/editMessageText "HTTP/1.1 200 OK"
2026-07-24 14:14:09,484 [INFO] httpx: HTTP Request: POST https://api.telegram.org/bot8906918185:AAEkad7nO3ZDckFOaeHbwld3zbhOih9xvmQ/sendMessage "HTTP/1.1 200 OK"
2026-07-24 14:14:13,032 [INFO] httpx: HTTP Request: POST https://api.telegram.org/bot8906918185:AAEkad7nO3ZDckFOaeHbwld3zbhOih9xvmQ/getUpdates "HTTP/1.1 200 OK"
2026-07-24 14:14:13,655 [INFO] httpx: HTTP Request: POST https://api.telegram.org/bot8906918185:AAEkad7nO3ZDckFOaeHbwld3zbhOih9xvmQ/answerCallbackQuery "HTTP/1.1 200 OK"
2026-07-24 14:14:14,257 [INFO] httpx: HTTP Request: POST https://api.telegram.org/bot8906918185:AAEkad7nO3ZDckFOaeHbwld3zbhOih9xvmQ/editMessageText "HTTP/1.1 200 OK"
2026-07-24 14:14:14,844 [INFO] httpx: HTTP Request: POST https://api.telegram.org/bot8906918185:AAEkad7nO3ZDckFOaeHbwld3zbhOih9xvmQ/sendMessage "HTTP/1.1 200 OK"
2026-07-24 14:14:20,780 [INFO] httpx: HTTP Request: POST https://api.telegram.org/bot8906918185:AAEkad7nO3ZDckFOaeHbwld3zbhOih9xvmQ/getUpdates "HTTP/1.1 200 OK"
2026-07-24 14:14:22,667 [INFO] httpx: HTTP Request: POST https://api.telegram.org/bot8906918185:AAEkad7nO3ZDckFOaeHbwld3zbhOih9xvmQ/answerCallbackQuery "HTTP/1.1 200 OK"
2026-07-24 14:14:23,270 [INFO] httpx: HTTP Request: POST https://api.telegram.org/bot8906918185:AAEkad7nO3ZDckFOaeHbwld3zbhOih9xvmQ/editMessageText "HTTP/1.1 200 OK"
2026-07-24 14:14:24,052 [INFO] httpx: HTTP Request: POST https://api.telegram.org/bot8906918185:AAEkad7nO3ZDckFOaeHbwld3zbhOih9xvmQ/sendMessage "HTTP/1.1 200 OK"
2026-07-24 14:14:24,239 [INFO] httpx: HTTP Request: POST http://127.0.0.1:8000/recommend/ "HTTP/1.1 200 OK"
2026-07-24 14:14:24,240 [INFO] AutoAIBot: User: 1878703193 | Action: POST /recommend/ - Status 200 | ResponseTime: 187.41ms
2026-07-24 14:14:24,800 [INFO] httpx: HTTP Request: POST https://api.telegram.org/bot8906918185:AAEkad7nO3ZDckFOaeHbwld3zbhOih9xvmQ/sendMessage "HTTP/1.1 200 OK"
2026-07-24 14:14:24,985 [INFO] httpx: HTTP Request: GET http://127.0.0.1:8000/wishlist/ "HTTP/1.1 200 OK"
2026-07-24 14:14:24,986 [INFO] AutoAIBot: User: 1878703193 | Action: GET /wishlist/ - Status 200 | ResponseTime: 185.09ms
2026-07-24 14:14:26,053 [INFO] httpx: HTTP Request: POST https://api.telegram.org/bot8906918185:AAEkad7nO3ZDckFOaeHbwld3zbhOih9xvmQ/sendPhoto "HTTP/1.1 200 OK"
2026-07-24 14:14:31,243 [INFO] httpx: HTTP Request: POST https://api.telegram.org/bot8906918185:AAEkad7nO3ZDckFOaeHbwld3zbhOih9xvmQ/getUpdates "HTTP/1.1 200 OK"
2026-07-24 14:14:41,847 [INFO] httpx: HTTP Request: POST https://api.telegram.org/bot8906918185:AAEkad7nO3ZDckFOaeHbwld3zbhOih9xvmQ/getUpdates "HTTP/1.1 200 OK"
2026-07-24 14:14:52,405 [INFO] httpx: HTTP Request: POST https://api.telegram.org/bot8906918185:AAEkad7nO3ZDckFOaeHbwld3zbhOih9xvmQ/getUpdates "HTTP/1.1 200 OK"
2026-07-24 14:15:02,826 [INFO] httpx: HTTP Request: POST https://api.telegram.org/bot8906918185:AAEkad7nO3ZDckFOaeHbwld3zbhOih9xvmQ/getUpdates "HTTP/1.1 200 OK"
2026-07-24 14:15:05,507 [INFO] httpx: HTTP Request: POST https://api.telegram.org/bot8906918185:AAEkad7nO3ZDckFOaeHbwld3zbhOih9xvmQ/getUpdates "HTTP/1.1 200 OK"
2026-07-24 14:15:06,931 [INFO] httpx: HTTP Request: POST https://api.telegram.org/bot8906918185:AAEkad7nO3ZDckFOaeHbwld3zbhOih9xvmQ/answerCallbackQuery "HTTP/1.1 200 OK"
2026-07-24 14:15:07,502 [INFO] httpx: HTTP Request: POST https://api.telegram.org/bot8906918185:AAEkad7nO3ZDckFOaeHbwld3zbhOih9xvmQ/deleteMessage "HTTP/1.1 200 OK"
2026-07-24 14:15:08,060 [INFO] httpx: HTTP Request: POST https://api.telegram.org/bot8906918185:AAEkad7nO3ZDckFOaeHbwld3zbhOih9xvmQ/sendMessage "HTTP/1.1 200 OK"
2026-07-24 14:15:12,457 [INFO] httpx: HTTP Request: POST https://api.telegram.org/bot8906918185:AAEkad7nO3ZDckFOaeHbwld3zbhOih9xvmQ/getUpdates "HTTP/1.1 200 OK"
2026-07-24 14:15:13,250 [INFO] httpx: HTTP Request: POST https://api.telegram.org/bot8906918185:AAEkad7nO3ZDckFOaeHbwld3zbhOih9xvmQ/sendChatAction "HTTP/1.1 200 OK"
2026-07-24 14:15:14,044 [INFO] httpx: HTTP Request: POST https://api.telegram.org/bot8906918185:AAEkad7nO3ZDckFOaeHbwld3zbhOih9xvmQ/sendMessage "HTTP/1.1 200 OK"
2026-07-24 14:15:22,859 [INFO] httpx: HTTP Request: POST https://api.telegram.org/bot8906918185:AAEkad7nO3ZDckFOaeHbwld3zbhOih9xvmQ/getUpdates "HTTP/1.1 200 OK"
2026-07-24 14:15:33,201 [INFO] httpx: HTTP Request: POST https://api.telegram.org/bot8906918185:AAEkad7nO3ZDckFOaeHbwld3zbhOih9xvmQ/getUpdates "HTTP/1.1 200 OK"
2026-07-24 14:15:38,021 [INFO] httpx: HTTP Request: POST https://api.telegram.org/bot8906918185:AAEkad7nO3ZDckFOaeHbwld3zbhOih9xvmQ/getUpdates "HTTP/1.1 200 OK"
2026-07-24 14:15:39,556 [INFO] httpx: HTTP Request: POST https://api.telegram.org/bot8906918185:AAEkad7nO3ZDckFOaeHbwld3zbhOih9xvmQ/sendChatAction "HTTP/1.1 200 OK"
2026-07-24 14:15:48,565 [INFO] httpx: HTTP Request: POST https://api.telegram.org/bot8906918185:AAEkad7nO3ZDckFOaeHbwld3zbhOih9xvmQ/getUpdates "HTTP/1.1 200 OK"
2026-07-24 14:15:54,730 [ERROR] AutoAIBot: User: 1878703193 | Action: POST /chat/ - Request Failed | ResponseTime: 15173.09ms | Error: 
2026-07-24 14:15:54,730 [ERROR] AutoAIBot: AI chat request failed: 
2026-07-24 14:15:56,185 [INFO] httpx: HTTP Request: POST https://api.telegram.org/bot8906918185:AAEkad7nO3ZDckFOaeHbwld3zbhOih9xvmQ/sendMessage "HTTP/1.1 200 OK"
2026-07-24 14:15:59,161 [INFO] httpx: HTTP Request: POST https://api.telegram.org/bot8906918185:AAEkad7nO3ZDckFOaeHbwld3zbhOih9xvmQ/getUpdates "HTTP/1.1 200 OK"
2026-07-24 14:16:09,564 [INFO] httpx: HTTP Request: POST https://api.telegram.org/bot8906918185:AAEkad7nO3ZDckFOaeHbwld3zbhOih9xvmQ/getUpdates "HTTP/1.1 200 OK"
2026-07-24 14:16:20,766 [INFO] httpx: HTTP Request: POST https://api.telegram.org/bot8906918185:AAEkad7nO3ZDckFOaeHbwld3zbhOih9xvmQ/getUpdates "HTTP/1.1 200 OK"
